keyword_asset_id,keyword,traffic_word_type,source_sheet,source_row,row_layout
kw_0001,portable jump starter for car,自然搜索词,5.关键词库,2,rich_top_asin_col33
kw_0001,portable jump starter for car,HR推荐词,5.关键词库,2,rich_top_asin_col33
kw_0001,portable jump starter for car,品牌广告词,5.关键词库,2,rich_top_asin_col33
kw_0001,portable jump starter for car,视频广告词,5.关键词库,2,rich_top_asin_col33
kw_0001,portable jump starter for car,SP广告词,5.关键词库,2,rich_top_asin_col33
kw_0002,car battery charger,自然搜索词,5.关键词库,3,rich_top_asin_col33
kw_0003,jumper cables with battery pack,自然搜索词,5.关键词库,4,rich_top_asin_col33
kw_0003,jumper cables with battery pack,HR推荐词,5.关键词库,4,rich_top_asin_col33
kw_0003,jumper cables with battery pack,品牌广告词,5.关键词库,4,rich_top_asin_col33
kw_0003,jumper cables with battery pack,视频广告词,5.关键词库,4,rich_top_asin_col33
kw_0003,jumper cables with battery pack,SP广告词,5.关键词库,4,rich_top_asin_col33
kw_0004,portable air pump for car tires,SP广告词,5.关键词库,5,rich_top_asin_col33
kw_0005,portable car jump starter,自然搜索词,5.关键词库,6,rich_top_asin_col33
kw_0005,portable car jump starter,HR推荐词,5.关键词库,6,rich_top_asin_col33
kw_0005,portable car jump starter,品牌广告词,5.关键词库,6,rich_top_asin_col33
kw_0005,portable car jump starter,视频广告词,5.关键词库,6,rich_top_asin_col33
kw_0005,portable car jump starter,SP广告词,5.关键词库,6,rich_top_asin_col33
kw_0006,trickle charger for car battery 12v,SP广告词,5.关键词库,7,rich_top_asin_col33
kw_0007,battery charger,自然搜索词,5.关键词库,8,rich_top_asin_col33
kw_0008,battery jumper starter portable,自然搜索词,5.关键词库,9,rich_top_asin_col33
kw_0008,battery jumper starter portable,HR推荐词,5.关键词库,9,rich_top_asin_col33
kw_0008,battery jumper starter portable,品牌广告词,5.关键词库,9,rich_top_asin_col33
kw_0008,battery jumper starter portable,视频广告词,5.关键词库,9,rich_top_asin_col33
kw_0008,battery jumper starter portable,SP广告词,5.关键词库,9,rich_top_asin_col33
kw_0009,booster pack jump starter,自然搜索词,5.关键词库,10,rich_top_asin_col33
kw_0009,booster pack jump starter,品牌广告词,5.关键词库,10,rich_top_asin_col33
kw_0009,booster pack jump starter,视频广告词,5.关键词库,10,rich_top_asin_col33
kw_0009,booster pack jump starter,SP广告词,5.关键词库,10,rich_top_asin_col33
kw_0010,jump starter,自然搜索词,5.关键词库,11,rich_top_asin_col33
kw_0010,jump starter,HR推荐词,5.关键词库,11,rich_top_asin_col33
kw_0010,jump starter,品牌广告词,5.关键词库,11,rich_top_asin_col33
kw_0010,jump starter,视频广告词,5.关键词库,11,rich_top_asin_col33
kw_0010,jump starter,SP广告词,5.关键词库,11,rich_top_asin_col33
kw_0011,car battery jump starter,自然搜索词,5.关键词库,12,rich_top_asin_col33
kw_0011,car battery jump starter,HR推荐词,5.关键词库,12,rich_top_asin_col33
kw_0011,car battery jump starter,品牌广告词,5.关键词库,12,rich_top_asin_col33
kw_0011,car battery jump starter,视频广告词,5.关键词库,12,rich_top_asin_col33
kw_0011,car battery jump starter,SP广告词,5.关键词库,12,rich_top_asin_col33
kw_0012,battery chargers automobile 12 volt,自然搜索词,5.关键词库,13,rich_top_asin_col33
kw_0013,car jumper starter portable,自然搜索词,5.关键词库,14,rich_top_asin_col33
kw_0013,car jumper starter portable,HR推荐词,5.关键词库,14,rich_top_asin_col33
kw_0013,car jumper starter portable,品牌广告词,5.关键词库,14,rich_top_asin_col33
kw_0013,car jumper starter portable,视频广告词,5.关键词库,14,rich_top_asin_col33
kw_0013,car jumper starter portable,SP广告词,5.关键词库,14,rich_top_asin_col33
kw_0014,air compressor,自然搜索词,5.关键词库,15,rich_top_asin_col33
kw_0015,portable battery jump starter for car,自然搜索词,5.关键词库,16,rich_top_asin_col33
kw_0015,portable battery jump starter for car,品牌广告词,5.关键词库,16,rich_top_asin_col33
kw_0015,portable battery jump starter for car,视频广告词,5.关键词库,16,rich_top_asin_col33
kw_0016,battery charger car jump starter,自然搜索词,5.关键词库,17,rich_top_asin_col33
kw_0016,battery charger car jump starter,HR推荐词,5.关键词库,17,rich_top_asin_col33
kw_0016,battery charger car jump starter,品牌广告词,5.关键词库,17,rich_top_asin_col33
kw_0016,battery charger car jump starter,视频广告词,5.关键词库,17,rich_top_asin_col33
kw_0016,battery charger car jump starter,SP广告词,5.关键词库,17,rich_top_asin_col33
kw_0017,jump start battery pack,自然搜索词,5.关键词库,18,rich_top_asin_col33
kw_0017,jump start battery pack,HR推荐词,5.关键词库,18,rich_top_asin_col33
kw_0017,jump start battery pack,品牌广告词,5.关键词库,18,rich_top_asin_col33
kw_0017,jump start battery pack,视频广告词,5.关键词库,18,rich_top_asin_col33
kw_0017,jump start battery pack,SP广告词,5.关键词库,18,rich_top_asin_col33
kw_0018,trickle charger,SP广告词,5.关键词库,19,rich_top_asin_col33
kw_0019,car air compressor,自然搜索词,5.关键词库,20,rich_top_asin_col33
kw_0020,car battery charger portable,自然搜索词,5.关键词库,21,rich_top_asin_col33
kw_0020,car battery charger portable,品牌广告词,5.关键词库,21,rich_top_asin_col33
kw_0021,car jumper,自然搜索词,5.关键词库,22,rich_top_asin_col33
kw_0021,car jumper,HR推荐词,5.关键词库,22,rich_top_asin_col33
kw_0021,car jumper,品牌广告词,5.关键词库,22,rich_top_asin_col33
kw_0021,car jumper,视频广告词,5.关键词库,22,rich_top_asin_col33
kw_0021,car jumper,SP广告词,5.关键词库,22,rich_top_asin_col33
kw_0022,jumper box for car battery portable,自然搜索词,5.关键词库,23,rich_top_asin_col33
kw_0022,jumper box for car battery portable,HR推荐词,5.关键词库,23,rich_top_asin_col33
kw_0022,jumper box for car battery portable,品牌广告词,5.关键词库,23,rich_top_asin_col33
kw_0022,jumper box for car battery portable,视频广告词,5.关键词库,23,rich_top_asin_col33
kw_0022,jumper box for car battery portable,SP广告词,5.关键词库,23,rich_top_asin_col33
kw_0023,car booster,自然搜索词,5.关键词库,24,rich_top_asin_col33
kw_0023,car booster,HR推荐词,5.关键词库,24,rich_top_asin_col33
kw_0023,car booster,品牌广告词,5.关键词库,24,rich_top_asin_col33
kw_0023,car booster,视频广告词,5.关键词库,24,rich_top_asin_col33
kw_0023,car booster,SP广告词,5.关键词库,24,rich_top_asin_col33
kw_0024,trickle charger for car battery,SP广告词,5.关键词库,25,rich_top_asin_col33
kw_0025,portable car battery charger,自然搜索词,5.关键词库,26,rich_top_asin_col33
kw_0026,6v battery charger,SP广告词,5.关键词库,27,rich_top_asin_col33
kw_0027,battery maintainer 12 volt,SP广告词,5.关键词库,28,rich_top_asin_col33
kw_0028,jump box for car battery,自然搜索词,5.关键词库,29,rich_top_asin_col33
kw_0028,jump box for car battery,HR推荐词,5.关键词库,29,rich_top_asin_col33
kw_0028,jump box for car battery,品牌广告词,5.关键词库,29,rich_top_asin_col33
kw_0028,jump box for car battery,视频广告词,5.关键词库,29,rich_top_asin_col33
kw_0028,jump box for car battery,SP广告词,5.关键词库,29,rich_top_asin_col33
kw_0029,car jump starter,自然搜索词,5.关键词库,30,rich_top_asin_col33
kw_0029,car jump starter,HR推荐词,5.关键词库,30,rich_top_asin_col33
kw_0029,car jump starter,品牌广告词,5.关键词库,30,rich_top_asin_col33
kw_0029,car jump starter,视频广告词,5.关键词库,30,rich_top_asin_col33
kw_0029,car jump starter,SP广告词,5.关键词库,30,rich_top_asin_col33
kw_0030,12 volt battery charger,品牌广告词,5.关键词库,31,rich_top_asin_col33
kw_0031,jump box,自然搜索词,5.关键词库,32,rich_top_asin_col33
kw_0031,jump box,HR推荐词,5.关键词库,32,rich_top_asin_col33
kw_0031,jump box,品牌广告词,5.关键词库,32,rich_top_asin_col33
kw_0031,jump box,视频广告词,5.关键词库,32,rich_top_asin_col33
kw_0031,jump box,SP广告词,5.关键词库,32,rich_top_asin_col33
kw_0032,jump starters,自然搜索词,5.关键词库,33,rich_top_asin_col33
kw_0032,jump starters,HR推荐词,5.关键词库,33,rich_top_asin_col33
kw_0032,jump starters,品牌广告词,5.关键词库,33,rich_top_asin_col33
kw_0032,jump starters,视频广告词,5.关键词库,33,rich_top_asin_col33
kw_0032,jump starters,SP广告词,5.关键词库,33,rich_top_asin_col33
kw_0033,air compresor,自然搜索词,5.关键词库,34,rich_top_asin_col33
kw_0034,car battery pack,自然搜索词,5.关键词库,35,rich_top_asin_col33
kw_0034,car battery pack,品牌广告词,5.关键词库,35,rich_top_asin_col33
kw_0034,car battery pack,视频广告词,5.关键词库,35,rich_top_asin_col33
kw_0034,car battery pack,SP广告词,5.关键词库,35,rich_top_asin_col33
kw_0035,jumper,自然搜索词,5.关键词库,36,rich_top_asin_col33
kw_0035,jumper,HR推荐词,5.关键词库,36,rich_top_asin_col33
kw_0035,jumper,品牌广告词,5.关键词库,36,rich_top_asin_col33
kw_0035,jumper,视频广告词,5.关键词库,36,rich_top_asin_col33
kw_0035,jumper,SP广告词,5.关键词库,36,rich_top_asin_col33
kw_0036,car starter jump box,自然搜索词,5.关键词库,37,rich_top_asin_col33
kw_0036,car starter jump box,品牌广告词,5.关键词库,37,rich_top_asin_col33
kw_0036,car starter jump box,视频广告词,5.关键词库,37,rich_top_asin_col33
kw_0037,cargador de bateria de carro portatil,自然搜索词,5.关键词库,38,rich_top_asin_col33
kw_0038,booster pack,自然搜索词,5.关键词库,39,rich_top_asin_col33
kw_0038,booster pack,HR推荐词,5.关键词库,39,rich_top_asin_col33
kw_0038,booster pack,品牌广告词,5.关键词库,39,rich_top_asin_col33
kw_0038,booster pack,视频广告词,5.关键词库,39,rich_top_asin_col33
kw_0038,booster pack,SP广告词,5.关键词库,39,rich_top_asin_col33
kw_0039,arrancador de batería para auto,自然搜索词,5.关键词库,40,rich_top_asin_col33
kw_0039,arrancador de batería para auto,HR推荐词,5.关键词库,40,rich_top_asin_col33
kw_0039,arrancador de batería para auto,品牌广告词,5.关键词库,40,rich_top_asin_col33
kw_0039,arrancador de batería para auto,视频广告词,5.关键词库,40,rich_top_asin_col33
kw_0039,arrancador de batería para auto,SP广告词,5.关键词库,40,rich_top_asin_col33
kw_0040,car battery charger jump starter portable with air compressor,自然搜索词,5.关键词库,41,rich_top_asin_col33
kw_0040,car battery charger jump starter portable with air compressor,视频广告词,5.关键词库,41,rich_top_asin_col33
kw_0041,car battery jumper starter portable,自然搜索词,5.关键词库,42,rich_top_asin_col33
kw_0041,car battery jumper starter portable,品牌广告词,5.关键词库,42,rich_top_asin_col33
kw_0041,car battery jumper starter portable,视频广告词,5.关键词库,42,rich_top_asin_col33
kw_0041,car battery jumper starter portable,SP广告词,5.关键词库,42,rich_top_asin_col33
kw_0042,portable car battery charger and jump starter,自然搜索词,5.关键词库,43,rich_top_asin_col33
kw_0042,portable car battery charger and jump starter,品牌广告词,5.关键词库,43,rich_top_asin_col33
kw_0042,portable car battery charger and jump starter,视频广告词,5.关键词库,43,rich_top_asin_col33
kw_0042,portable car battery charger and jump starter,SP广告词,5.关键词库,43,rich_top_asin_col33
kw_0043,car jump starter portable,自然搜索词,5.关键词库,44,rich_top_asin_col33
kw_0043,car jump starter portable,HR推荐词,5.关键词库,44,rich_top_asin_col33
kw_0043,car jump starter portable,品牌广告词,5.关键词库,44,rich_top_asin_col33
kw_0043,car jump starter portable,视频广告词,5.关键词库,44,rich_top_asin_col33
kw_0043,car jump starter portable,SP广告词,5.关键词库,44,rich_top_asin_col33
kw_0044,portable car chargers & jump starter,自然搜索词,5.关键词库,45,rich_top_asin_col33
kw_0044,portable car chargers & jump starter,品牌广告词,5.关键词库,45,rich_top_asin_col33
kw_0044,portable car chargers & jump starter,视频广告词,5.关键词库,45,rich_top_asin_col33
kw_0044,portable car chargers & jump starter,SP广告词,5.关键词库,45,rich_top_asin_col33
kw_0045,2000a peak 20000mah car jump starter,自然搜索词,5.关键词库,46,rich_top_asin_col33
kw_0045,2000a peak 20000mah car jump starter,HR推荐词,5.关键词库,46,rich_top_asin_col33
kw_0046,portable battery charger for car,自然搜索词,5.关键词库,47,rich_top_asin_col33
kw_0046,portable battery charger for car,品牌广告词,5.关键词库,47,rich_top_asin_col33
kw_0047,jump starter power pack,自然搜索词,5.关键词库,48,rich_top_asin_col33
kw_0047,jump starter power pack,HR推荐词,5.关键词库,48,rich_top_asin_col33
kw_0047,jump starter power pack,品牌广告词,5.关键词库,48,rich_top_asin_col33
kw_0047,jump starter power pack,视频广告词,5.关键词库,48,rich_top_asin_col33
kw_0047,jump starter power pack,SP广告词,5.关键词库,48,rich_top_asin_col33
kw_0048,portable jumper cables,自然搜索词,5.关键词库,49,rich_top_asin_col33
kw_0048,portable jumper cables,HR推荐词,5.关键词库,49,rich_top_asin_col33
kw_0048,portable jumper cables,品牌广告词,5.关键词库,49,rich_top_asin_col33
kw_0048,portable jumper cables,视频广告词,5.关键词库,49,rich_top_asin_col33
kw_0048,portable jumper cables,SP广告词,5.关键词库,49,rich_top_asin_col33
kw_0049,auto battery jump starter portable,自然搜索词,5.关键词库,50,rich_top_asin_col33
kw_0049,auto battery jump starter portable,品牌广告词,5.关键词库,50,rich_top_asin_col33
kw_0049,auto battery jump starter portable,视频广告词,5.关键词库,50,rich_top_asin_col33
kw_0049,auto battery jump starter portable,SP广告词,5.关键词库,50,rich_top_asin_col33
kw_0050,battery booster jump starter,自然搜索词,5.关键词库,51,rich_top_asin_col33
kw_0050,battery booster jump starter,品牌广告词,5.关键词库,51,rich_top_asin_col33
kw_0050,battery booster jump starter,视频广告词,5.关键词库,51,rich_top_asin_col33
kw_0050,battery booster jump starter,SP广告词,5.关键词库,51,rich_top_asin_col33
kw_0051,car battery jump starter portable,自然搜索词,5.关键词库,52,rich_top_asin_col33
kw_0051,car battery jump starter portable,HR推荐词,5.关键词库,52,rich_top_asin_col33
kw_0051,car battery jump starter portable,品牌广告词,5.关键词库,52,rich_top_asin_col33
kw_0051,car battery jump starter portable,视频广告词,5.关键词库,52,rich_top_asin_col33
kw_0051,car battery jump starter portable,SP广告词,5.关键词库,52,rich_top_asin_col33
kw_0052,tire inflator and battery jumper,自然搜索词,5.关键词库,53,rich_top_asin_col33
kw_0052,tire inflator and battery jumper,品牌广告词,5.关键词库,53,rich_top_asin_col33
kw_0052,tire inflator and battery jumper,视频广告词,5.关键词库,53,rich_top_asin_col33
kw_0053,battery jumper,自然搜索词,5.关键词库,54,rich_top_asin_col33
kw_0053,battery jumper,品牌广告词,5.关键词库,54,rich_top_asin_col33
kw_0053,battery jumper,视频广告词,5.关键词库,54,rich_top_asin_col33
kw_0053,battery jumper,SP广告词,5.关键词库,54,rich_top_asin_col33
kw_0054,portable car charger,自然搜索词,5.关键词库,55,rich_top_asin_col33
kw_0054,portable car charger,品牌广告词,5.关键词库,55,rich_top_asin_col33
kw_0054,portable car charger,视频广告词,5.关键词库,55,rich_top_asin_col33
kw_0055,jump pack for car battery,自然搜索词,5.关键词库,56,rich_top_asin_col33
kw_0055,jump pack for car battery,HR推荐词,5.关键词库,56,rich_top_asin_col33
kw_0055,jump pack for car battery,品牌广告词,5.关键词库,56,rich_top_asin_col33
kw_0055,jump pack for car battery,视频广告词,5.关键词库,56,rich_top_asin_col33
kw_0055,jump pack for car battery,SP广告词,5.关键词库,56,rich_top_asin_col33
kw_0056,jumpbox,自然搜索词,5.关键词库,57,rich_top_asin_col33
kw_0056,jumpbox,HR推荐词,5.关键词库,57,rich_top_asin_col33
kw_0056,jumpbox,品牌广告词,5.关键词库,57,rich_top_asin_col33
kw_0056,jumpbox,视频广告词,5.关键词库,57,rich_top_asin_col33
kw_0056,jumpbox,SP广告词,5.关键词库,57,rich_top_asin_col33
kw_0057,compresor de aire para carro,自然搜索词,5.关键词库,58,rich_top_asin_col33
kw_0058,jump starters & battery chargers,自然搜索词,5.关键词库,59,rich_top_asin_col33
kw_0058,jump starters & battery chargers,HR推荐词,5.关键词库,59,rich_top_asin_col33
kw_0058,jump starters & battery chargers,品牌广告词,5.关键词库,59,rich_top_asin_col33
kw_0058,jump starters & battery chargers,视频广告词,5.关键词库,59,rich_top_asin_col33
kw_0058,jump starters & battery chargers,SP广告词,5.关键词库,59,rich_top_asin_col33
kw_0059,car battery booster jump starter,自然搜索词,5.关键词库,60,rich_top_asin_col33
kw_0059,car battery booster jump starter,品牌广告词,5.关键词库,60,rich_top_asin_col33
kw_0059,car battery booster jump starter,视频广告词,5.关键词库,60,rich_top_asin_col33
kw_0060,portable battery charger car jumper,自然搜索词,5.关键词库,61,rich_top_asin_col33
kw_0060,portable battery charger car jumper,品牌广告词,5.关键词库,61,rich_top_asin_col33
kw_0060,portable battery charger car jumper,视频广告词,5.关键词库,61,rich_top_asin_col33
kw_0061,jump start,自然搜索词,5.关键词库,62,rich_top_asin_col33
kw_0061,jump start,HR推荐词,5.关键词库,62,rich_top_asin_col33
kw_0061,jump start,品牌广告词,5.关键词库,62,rich_top_asin_col33
kw_0061,jump start,视频广告词,5.关键词库,62,rich_top_asin_col33
kw_0061,jump start,SP广告词,5.关键词库,62,rich_top_asin_col33
kw_0062,jump starter with air compressor,自然搜索词,5.关键词库,63,rich_top_asin_col33
kw_0062,jump starter with air compressor,品牌广告词,5.关键词库,63,rich_top_asin_col33
kw_0062,jump starter with air compressor,视频广告词,5.关键词库,63,rich_top_asin_col33
kw_0063,battery starter car jumper,自然搜索词,5.关键词库,64,rich_top_asin_col33
kw_0063,battery starter car jumper,品牌广告词,5.关键词库,64,rich_top_asin_col33
kw_0063,battery starter car jumper,视频广告词,5.关键词库,64,rich_top_asin_col33
kw_0063,battery starter car jumper,SP广告词,5.关键词库,64,rich_top_asin_col33
kw_0064,cargador de batería de carro,自然搜索词,5.关键词库,65,rich_top_asin_col33
kw_0064,cargador de batería de carro,品牌广告词,5.关键词库,65,rich_top_asin_col33
kw_0065,jumper box,自然搜索词,5.关键词库,66,rich_top_asin_col33
kw_0065,jumper box,HR推荐词,5.关键词库,66,rich_top_asin_col33
kw_0065,jumper box,品牌广告词,5.关键词库,66,rich_top_asin_col33
kw_0065,jumper box,视频广告词,5.关键词库,66,rich_top_asin_col33
kw_0065,jumper box,SP广告词,5.关键词库,66,rich_top_asin_col33
kw_0066,jump pack,自然搜索词,5.关键词库,67,rich_top_asin_col33
kw_0066,jump pack,HR推荐词,5.关键词库,67,rich_top_asin_col33
kw_0066,jump pack,品牌广告词,5.关键词库,67,rich_top_asin_col33
kw_0066,jump pack,视频广告词,5.关键词库,67,rich_top_asin_col33
kw_0066,jump pack,SP广告词,5.关键词库,67,rich_top_asin_col33
kw_0068,portable battery jump starter,自然搜索词,5.关键词库,69,rich_top_asin_col33
kw_0068,portable battery jump starter,品牌广告词,5.关键词库,69,rich_top_asin_col33
kw_0068,portable battery jump starter,视频广告词,5.关键词库,69,rich_top_asin_col33
kw_0068,portable battery jump starter,SP广告词,5.关键词库,69,rich_top_asin_col33
kw_0069,car battery jump starter with air compressor,自然搜索词,5.关键词库,70,rich_top_asin_col33
kw_0069,car battery jump starter with air compressor,品牌广告词,5.关键词库,70,rich_top_asin_col33
kw_0070,portable jump starter,自然搜索词,5.关键词库,71,rich_top_asin_col33
kw_0070,portable jump starter,HR推荐词,5.关键词库,71,rich_top_asin_col33
kw_0070,portable jump starter,品牌广告词,5.关键词库,71,rich_top_asin_col33
kw_0070,portable jump starter,视频广告词,5.关键词库,71,rich_top_asin_col33
kw_0070,portable jump starter,SP广告词,5.关键词库,71,rich_top_asin_col33
kw_0071,jumpstarter,自然搜索词,5.关键词库,72,rich_top_asin_col33
kw_0071,jumpstarter,HR推荐词,5.关键词库,72,rich_top_asin_col33
kw_0071,jumpstarter,品牌广告词,5.关键词库,72,rich_top_asin_col33
kw_0071,jumpstarter,视频广告词,5.关键词库,72,rich_top_asin_col33
kw_0071,jumpstarter,SP广告词,5.关键词库,72,rich_top_asin_col33
kw_0072,battery jump box,自然搜索词,5.关键词库,73,rich_top_asin_col33
kw_0072,battery jump box,HR推荐词,5.关键词库,73,rich_top_asin_col33
kw_0072,battery jump box,品牌广告词,5.关键词库,73,rich_top_asin_col33
kw_0072,battery jump box,视频广告词,5.关键词库,73,rich_top_asin_col33
kw_0072,battery jump box,SP广告词,5.关键词库,73,rich_top_asin_col33
kw_0073,vehicle jump starter power pack,自然搜索词,5.关键词库,74,rich_top_asin_col33
kw_0073,vehicle jump starter power pack,品牌广告词,5.关键词库,74,rich_top_asin_col33
kw_0073,vehicle jump starter power pack,视频广告词,5.关键词库,74,rich_top_asin_col33
kw_0073,vehicle jump starter power pack,SP广告词,5.关键词库,74,rich_top_asin_col33
kw_0074,hulkman jump starter 8.5,自然搜索词,5.关键词库,75,rich_top_asin_col33
kw_0075,portable car battery jump starter,自然搜索词,5.关键词库,76,rich_top_asin_col33
kw_0075,portable car battery jump starter,品牌广告词,5.关键词库,76,rich_top_asin_col33
kw_0075,portable car battery jump starter,视频广告词,5.关键词库,76,rich_top_asin_col33
kw_0075,portable car battery jump starter,SP广告词,5.关键词库,76,rich_top_asin_col33
kw_0076,portable car air compressor,自然搜索词,5.关键词库,77,rich_top_asin_col33
kw_0077,jump pack for truck battery,自然搜索词,5.关键词库,78,rich_top_asin_col33
kw_0077,jump pack for truck battery,品牌广告词,5.关键词库,78,rich_top_asin_col33
kw_0077,jump pack for truck battery,视频广告词,5.关键词库,78,rich_top_asin_col33
kw_0077,jump pack for truck battery,SP广告词,5.关键词库,78,rich_top_asin_col33
kw_0078,portable jumper starter,自然搜索词,5.关键词库,79,rich_top_asin_col33
kw_0078,portable jumper starter,品牌广告词,5.关键词库,79,rich_top_asin_col33
kw_0078,portable jumper starter,视频广告词,5.关键词库,79,rich_top_asin_col33
kw_0078,portable jumper starter,SP广告词,5.关键词库,79,rich_top_asin_col33
kw_0079,jump start battery pack air compressor,品牌广告词,5.关键词库,80,rich_top_asin_col33
kw_0079,jump start battery pack air compressor,视频广告词,5.关键词库,80,rich_top_asin_col33
kw_0080,battery jump starter,自然搜索词,5.关键词库,81,rich_top_asin_col33
kw_0080,battery jump starter,HR推荐词,5.关键词库,81,rich_top_asin_col33
kw_0080,battery jump starter,品牌广告词,5.关键词库,81,rich_top_asin_col33
kw_0080,battery jump starter,视频广告词,5.关键词库,81,rich_top_asin_col33
kw_0080,battery jump starter,SP广告词,5.关键词库,81,rich_top_asin_col33
kw_0081,car jumper pack,自然搜索词,5.关键词库,82,rich_top_asin_col33
kw_0081,car jumper pack,品牌广告词,5.关键词库,82,rich_top_asin_col33
kw_0081,car jumper pack,视频广告词,5.关键词库,82,rich_top_asin_col33
kw_0081,car jumper pack,SP广告词,5.关键词库,82,rich_top_asin_col33
kw_0082,portable battery jump starters,自然搜索词,5.关键词库,83,rich_top_asin_col33
kw_0082,portable battery jump starters,HR推荐词,5.关键词库,83,rich_top_asin_col33
kw_0082,portable battery jump starters,品牌广告词,5.关键词库,83,rich_top_asin_col33
kw_0082,portable battery jump starters,视频广告词,5.关键词库,83,rich_top_asin_col33
kw_0082,portable battery jump starters,SP广告词,5.关键词库,83,rich_top_asin_col33
kw_0083,jump boxes,自然搜索词,5.关键词库,84,rich_top_asin_col33
kw_0083,jump boxes,品牌广告词,5.关键词库,84,rich_top_asin_col33
kw_0083,jump boxes,视频广告词,5.关键词库,84,rich_top_asin_col33
kw_0083,jump boxes,SP广告词,5.关键词库,84,rich_top_asin_col33
kw_0084,battery jump starter portable,自然搜索词,5.关键词库,85,rich_top_asin_col33
kw_0084,battery jump starter portable,HR推荐词,5.关键词库,85,rich_top_asin_col33
kw_0084,battery jump starter portable,品牌广告词,5.关键词库,85,rich_top_asin_col33
kw_0084,battery jump starter portable,视频广告词,5.关键词库,85,rich_top_asin_col33
kw_0084,battery jump starter portable,SP广告词,5.关键词库,85,rich_top_asin_col33
kw_0085,jumper packs for cars and trucks,自然搜索词,5.关键词库,86,rich_top_asin_col33
kw_0085,jumper packs for cars and trucks,品牌广告词,5.关键词库,86,rich_top_asin_col33
kw_0085,jumper packs for cars and trucks,视频广告词,5.关键词库,86,rich_top_asin_col33
kw_0086,emergency car battery jump starter,自然搜索词,5.关键词库,87,rich_top_asin_col33
kw_0086,emergency car battery jump starter,品牌广告词,5.关键词库,87,rich_top_asin_col33
kw_0086,emergency car battery jump starter,视频广告词,5.关键词库,87,rich_top_asin_col33
kw_0086,emergency car battery jump starter,SP广告词,5.关键词库,87,rich_top_asin_col33
kw_0087,jumpbox for cars,自然搜索词,5.关键词库,88,rich_top_asin_col33
kw_0087,jumpbox for cars,品牌广告词,5.关键词库,88,rich_top_asin_col33
kw_0087,jumpbox for cars,视频广告词,5.关键词库,88,rich_top_asin_col33
kw_0087,jumpbox for cars,SP广告词,5.关键词库,88,rich_top_asin_col33
kw_0089,car battery charger jump starter,自然搜索词,5.关键词库,90,rich_top_asin_col33
kw_0089,car battery charger jump starter,HR推荐词,5.关键词库,90,rich_top_asin_col33
kw_0089,car battery charger jump starter,品牌广告词,5.关键词库,90,rich_top_asin_col33
kw_0089,car battery charger jump starter,视频广告词,5.关键词库,90,rich_top_asin_col33
kw_0089,car battery charger jump starter,SP广告词,5.关键词库,90,rich_top_asin_col33
kw_0090,tire inflator jump starter combo,品牌广告词,5.关键词库,91,rich_top_asin_col33
kw_0091,battery powered air pump,自然搜索词,5.关键词库,92,rich_top_asin_col33
kw_0092,self starter car battery jumper,自然搜索词,5.关键词库,93,rich_top_asin_col33
kw_0092,self starter car battery jumper,品牌广告词,5.关键词库,93,rich_top_asin_col33
kw_0092,self starter car battery jumper,视频广告词,5.关键词库,93,rich_top_asin_col33
kw_0093,battery pack charger portable car jumper,自然搜索词,5.关键词库,94,rich_top_asin_col33
kw_0093,battery pack charger portable car jumper,品牌广告词,5.关键词库,94,rich_top_asin_col33
kw_0093,battery pack charger portable car jumper,视频广告词,5.关键词库,94,rich_top_asin_col33
kw_0094,car starter,自然搜索词,5.关键词库,95,rich_top_asin_col33
kw_0094,car starter,HR推荐词,5.关键词库,95,rich_top_asin_col33
kw_0094,car starter,品牌广告词,5.关键词库,95,rich_top_asin_col33
kw_0094,car starter,视频广告词,5.关键词库,95,rich_top_asin_col33
kw_0094,car starter,SP广告词,5.关键词库,95,rich_top_asin_col33
kw_0095,portable charger for car battery,自然搜索词,5.关键词库,96,rich_top_asin_col33
kw_0095,portable charger for car battery,视频广告词,5.关键词库,96,rich_top_asin_col33
kw_0096,car booster pack jump start,自然搜索词,5.关键词库,97,rich_top_asin_col33
kw_0096,car booster pack jump start,品牌广告词,5.关键词库,97,rich_top_asin_col33
kw_0096,car booster pack jump start,视频广告词,5.关键词库,97,rich_top_asin_col33
kw_0096,car booster pack jump start,SP广告词,5.关键词库,97,rich_top_asin_col33
kw_0097,clore automotive jump-n-carry jnc660 1700 peak amp 12 volt,自然搜索词,5.关键词库,98,rich_top_asin_col33
kw_0098,battery jump pack,自然搜索词,5.关键词库,99,rich_top_asin_col33
kw_0098,battery jump pack,HR推荐词,5.关键词库,99,rich_top_asin_col33
kw_0098,battery jump pack,品牌广告词,5.关键词库,99,rich_top_asin_col33
kw_0098,battery jump pack,视频广告词,5.关键词库,99,rich_top_asin_col33
kw_0098,battery jump pack,SP广告词,5.关键词库,99,rich_top_asin_col33
kw_0099,battery jump,自然搜索词,5.关键词库,100,rich_top_asin_col33
kw_0099,battery jump,品牌广告词,5.关键词库,100,rich_top_asin_col33
kw_0099,battery jump,视频广告词,5.关键词库,100,rich_top_asin_col33
kw_0099,battery jump,SP广告词,5.关键词库,100,rich_top_asin_col33
kw_0100,super capacitor jump starter,自然搜索词,5.关键词库,101,rich_top_asin_col33
kw_0101,car jumper battery pack,自然搜索词,5.关键词库,102,rich_top_asin_col33
kw_0101,car jumper battery pack,品牌广告词,5.关键词库,102,rich_top_asin_col33
kw_0101,car jumper battery pack,视频广告词,5.关键词库,102,rich_top_asin_col33
kw_0101,car jumper battery pack,SP广告词,5.关键词库,102,rich_top_asin_col33
kw_0102,battery air compressor,自然搜索词,5.关键词库,103,rich_top_asin_col33
kw_0103,battery starter for cars portable,自然搜索词,5.关键词库,104,rich_top_asin_col33
kw_0103,battery starter for cars portable,HR推荐词,5.关键词库,104,rich_top_asin_col33
kw_0103,battery starter for cars portable,品牌广告词,5.关键词库,104,rich_top_asin_col33
kw_0103,battery starter for cars portable,视频广告词,5.关键词库,104,rich_top_asin_col33
kw_0104,types jump starter portable power bank,自然搜索词,5.关键词库,105,rich_top_asin_col33
kw_0105,battery booster pack,自然搜索词,5.关键词库,106,rich_top_asin_col33
kw_0105,battery booster pack,HR推荐词,5.关键词库,106,rich_top_asin_col33
kw_0105,battery booster pack,品牌广告词,5.关键词库,106,rich_top_asin_col33
kw_0105,battery booster pack,SP广告词,5.关键词库,106,rich_top_asin_col33
kw_0106,car jump pack,自然搜索词,5.关键词库,107,rich_top_asin_col33
kw_0106,car jump pack,品牌广告词,5.关键词库,107,rich_top_asin_col33
kw_0106,car jump pack,视频广告词,5.关键词库,107,rich_top_asin_col33
kw_0106,car jump pack,SP广告词,5.关键词库,107,rich_top_asin_col33
kw_0107,car jump box,自然搜索词,5.关键词库,108,rich_top_asin_col33
kw_0107,car jump box,品牌广告词,5.关键词库,108,rich_top_asin_col33
kw_0107,car jump box,视频广告词,5.关键词库,108,rich_top_asin_col33
kw_0107,car jump box,SP广告词,5.关键词库,108,rich_top_asin_col33
kw_0108,lithium jump starter,自然搜索词,5.关键词库,109,rich_top_asin_col33
kw_0108,lithium jump starter,HR推荐词,5.关键词库,109,rich_top_asin_col33
kw_0108,lithium jump starter,品牌广告词,5.关键词库,109,rich_top_asin_col33
kw_0108,lithium jump starter,视频广告词,5.关键词库,109,rich_top_asin_col33
kw_0108,lithium jump starter,SP广告词,5.关键词库,109,rich_top_asin_col33
kw_0109,portable car charger power bank,自然搜索词,5.关键词库,110,rich_top_asin_col33
kw_0109,portable car charger power bank,品牌广告词,5.关键词库,110,rich_top_asin_col33
kw_0110,self jump starter for car,自然搜索词,5.关键词库,111,rich_top_asin_col33
kw_0110,self jump starter for car,品牌广告词,5.关键词库,111,rich_top_asin_col33
kw_0110,self jump starter for car,视频广告词,5.关键词库,111,rich_top_asin_col33
kw_0110,self jump starter for car,SP广告词,5.关键词库,111,rich_top_asin_col33
kw_0111,battery booster,自然搜索词,5.关键词库,112,rich_top_asin_col33
kw_0111,battery booster,HR推荐词,5.关键词库,112,rich_top_asin_col33
kw_0111,battery booster,品牌广告词,5.关键词库,112,rich_top_asin_col33
kw_0111,battery booster,视频广告词,5.关键词库,112,rich_top_asin_col33
kw_0111,battery booster,SP广告词,5.关键词库,112,rich_top_asin_col33
kw_0112,power pack car jumper,自然搜索词,5.关键词库,113,rich_top_asin_col33
kw_0112,power pack car jumper,品牌广告词,5.关键词库,113,rich_top_asin_col33
kw_0112,power pack car jumper,视频广告词,5.关键词库,113,rich_top_asin_col33
kw_0113,buture jump starter with air compressor,自然搜索词,5.关键词库,114,rich_top_asin_col33
kw_0114,lokithor jump starter with air compressor,自然搜索词,5.关键词库,115,rich_top_asin_col33
kw_0114,lokithor jump starter with air compressor,SP广告词,5.关键词库,115,rich_top_asin_col33
kw_0115,jumper battery,自然搜索词,5.关键词库,116,rich_top_asin_col33
kw_0115,jumper battery,品牌广告词,5.关键词库,116,rich_top_asin_col33
kw_0115,jumper battery,视频广告词,5.关键词库,116,rich_top_asin_col33
kw_0115,jumper battery,SP广告词,5.关键词库,116,rich_top_asin_col33
kw_0116,portable jumper cables for car battery,自然搜索词,5.关键词库,117,rich_top_asin_col33
kw_0116,portable jumper cables for car battery,品牌广告词,5.关键词库,117,rich_top_asin_col33
kw_0116,portable jumper cables for car battery,视频广告词,5.关键词库,117,rich_top_asin_col33
kw_0118,portable car jumper,自然搜索词,5.关键词库,119,rich_top_asin_col33
kw_0118,portable car jumper,品牌广告词,5.关键词库,119,rich_top_asin_col33
kw_0118,portable car jumper,视频广告词,5.关键词库,119,rich_top_asin_col33
kw_0118,portable car jumper,SP广告词,5.关键词库,119,rich_top_asin_col33
kw_0119,jump start box,自然搜索词,5.关键词库,120,rich_top_asin_col33
kw_0119,jump start box,品牌广告词,5.关键词库,120,rich_top_asin_col33
kw_0119,jump start box,视频广告词,5.关键词库,120,rich_top_asin_col33
kw_0119,jump start box,SP广告词,5.关键词库,120,rich_top_asin_col33
kw_0120,portable jumper,自然搜索词,5.关键词库,121,rich_top_asin_col33
kw_0120,portable jumper,品牌广告词,5.关键词库,121,rich_top_asin_col33
kw_0120,portable jumper,视频广告词,5.关键词库,121,rich_top_asin_col33
kw_0120,portable jumper,SP广告词,5.关键词库,121,rich_top_asin_col33
kw_0121,battery starter,自然搜索词,5.关键词库,122,rich_top_asin_col33
kw_0121,battery starter,HR推荐词,5.关键词库,122,rich_top_asin_col33
kw_0121,battery starter,品牌广告词,5.关键词库,122,rich_top_asin_col33
kw_0121,battery starter,视频广告词,5.关键词库,122,rich_top_asin_col33
kw_0121,battery starter,SP广告词,5.关键词库,122,rich_top_asin_col33
kw_0122,car jump starter with air compressor,自然搜索词,5.关键词库,123,rich_top_asin_col33
kw_0124,cordless battery charger,自然搜索词,5.关键词库,125,rich_top_asin_col33
kw_0125,jump starter and air compressor,SP广告词,5.关键词库,126,rich_top_asin_col33
kw_0126,jump starter power bank,自然搜索词,5.关键词库,127,rich_top_asin_col33
kw_0126,jump starter power bank,HR推荐词,5.关键词库,127,rich_top_asin_col33
kw_0126,jump starter power bank,品牌广告词,5.关键词库,127,rich_top_asin_col33
kw_0126,jump starter power bank,视频广告词,5.关键词库,127,rich_top_asin_col33
kw_0126,jump starter power bank,SP广告词,5.关键词库,127,rich_top_asin_col33
kw_0127,auto jump starter power pack,自然搜索词,5.关键词库,128,rich_top_asin_col33
kw_0127,auto jump starter power pack,品牌广告词,5.关键词库,128,rich_top_asin_col33
kw_0127,auto jump starter power pack,视频广告词,5.关键词库,128,rich_top_asin_col33
kw_0128,battery jumper starter,自然搜索词,5.关键词库,129,rich_top_asin_col33
kw_0128,battery jumper starter,HR推荐词,5.关键词库,129,rich_top_asin_col33
kw_0128,battery jumper starter,品牌广告词,5.关键词库,129,rich_top_asin_col33
kw_0128,battery jumper starter,视频广告词,5.关键词库,129,rich_top_asin_col33
kw_0128,battery jumper starter,SP广告词,5.关键词库,129,rich_top_asin_col33
kw_0129,motorcycle battery jump starter,自然搜索词,5.关键词库,130,rich_top_asin_col33
kw_0129,motorcycle battery jump starter,HR推荐词,5.关键词库,130,rich_top_asin_col33
kw_0129,motorcycle battery jump starter,品牌广告词,5.关键词库,130,rich_top_asin_col33
kw_0129,motorcycle battery jump starter,视频广告词,5.关键词库,130,rich_top_asin_col33
kw_0129,motorcycle battery jump starter,SP广告词,5.关键词库,130,rich_top_asin_col33
kw_0130,jumper starter,自然搜索词,5.关键词库,131,rich_top_asin_col33
kw_0130,jumper starter,品牌广告词,5.关键词库,131,rich_top_asin_col33
kw_0130,jumper starter,视频广告词,5.关键词库,131,rich_top_asin_col33
kw_0130,jumper starter,SP广告词,5.关键词库,131,rich_top_asin_col33
kw_0131,motorcycle jump pack,自然搜索词,5.关键词库,132,rich_top_asin_col33
kw_0131,motorcycle jump pack,品牌广告词,5.关键词库,132,rich_top_asin_col33
kw_0131,motorcycle jump pack,视频广告词,5.关键词库,132,rich_top_asin_col33
kw_0131,motorcycle jump pack,SP广告词,5.关键词库,132,rich_top_asin_col33
kw_0133,cargadores de batería para auto,自然搜索词,5.关键词库,134,rich_top_asin_col33
kw_0135,jumper starter for car,自然搜索词,5.关键词库,136,rich_top_asin_col33
kw_0135,jumper starter for car,品牌广告词,5.关键词库,136,rich_top_asin_col33
kw_0135,jumper starter for car,视频广告词,5.关键词库,136,rich_top_asin_col33
kw_0135,jumper starter for car,SP广告词,5.关键词库,136,rich_top_asin_col33
kw_0136,portable jump pack,自然搜索词,5.关键词库,137,rich_top_asin_col33
kw_0136,portable jump pack,品牌广告词,5.关键词库,137,rich_top_asin_col33
kw_0136,portable jump pack,视频广告词,5.关键词库,137,rich_top_asin_col33
kw_0136,portable jump pack,SP广告词,5.关键词库,137,rich_top_asin_col33
kw_0138,portable air compressor and jump starter,自然搜索词,5.关键词库,139,rich_top_asin_col33
kw_0138,portable air compressor and jump starter,SP广告词,5.关键词库,139,rich_top_asin_col33
kw_0140,all in one tire air pump car battery charger,自然搜索词,5.关键词库,141,rich_top_asin_col33
kw_0141,jumpbox for cars heavy duty,自然搜索词,5.关键词库,142,rich_top_asin_col33
kw_0142,compresor de aire,自然搜索词,5.关键词库,143,rich_top_asin_col33
kw_0143,emergency jump starter for car,自然搜索词,5.关键词库,144,rich_top_asin_col33
kw_0143,emergency jump starter for car,品牌广告词,5.关键词库,144,rich_top_asin_col33
kw_0143,emergency jump starter for car,视频广告词,5.关键词库,144,rich_top_asin_col33
kw_0143,emergency jump starter for car,SP广告词,5.关键词库,144,rich_top_asin_col33
kw_0144,car jumper box,自然搜索词,5.关键词库,145,rich_top_asin_col33
kw_0144,car jumper box,品牌广告词,5.关键词库,145,rich_top_asin_col33
kw_0144,car jumper box,视频广告词,5.关键词库,145,rich_top_asin_col33
kw_0145,arrancador de carro portatil,自然搜索词,5.关键词库,146,rich_top_asin_col33
kw_0145,arrancador de carro portatil,HR推荐词,5.关键词库,146,rich_top_asin_col33
kw_0145,arrancador de carro portatil,品牌广告词,5.关键词库,146,rich_top_asin_col33
kw_0145,arrancador de carro portatil,视频广告词,5.关键词库,146,rich_top_asin_col33
kw_0145,arrancador de carro portatil,SP广告词,5.关键词库,146,rich_top_asin_col33
kw_0146,car battery starter,自然搜索词,5.关键词库,147,rich_top_asin_col33
kw_0146,car battery starter,HR推荐词,5.关键词库,147,rich_top_asin_col33
kw_0146,car battery starter,品牌广告词,5.关键词库,147,rich_top_asin_col33
kw_0146,car battery starter,视频广告词,5.关键词库,147,rich_top_asin_col33
kw_0146,car battery starter,SP广告词,5.关键词库,147,rich_top_asin_col33
kw_0147,portable battery and jump starter,自然搜索词,5.关键词库,148,rich_top_asin_col33
kw_0147,portable battery and jump starter,HR推荐词,5.关键词库,148,rich_top_asin_col33
kw_0147,portable battery and jump starter,品牌广告词,5.关键词库,148,rich_top_asin_col33
kw_0147,portable battery and jump starter,视频广告词,5.关键词库,148,rich_top_asin_col33
kw_0147,portable battery and jump starter,SP广告词,5.关键词库,148,rich_top_asin_col33
kw_0148,power jumper starter portable,自然搜索词,5.关键词库,149,rich_top_asin_col33
kw_0148,power jumper starter portable,品牌广告词,5.关键词库,149,rich_top_asin_col33
kw_0148,power jumper starter portable,视频广告词,5.关键词库,149,rich_top_asin_col33
kw_0149,10000 amp jump starter,自然搜索词,5.关键词库,150,rich_top_asin_col33
kw_0150,"niopow car jump starter battery pack, 5000a 12v",自然搜索词,5.关键词库,151,rich_top_asin_col33
kw_0151,battery booster jump starter pack,自然搜索词,5.关键词库,152,rich_top_asin_col33
kw_0151,battery booster jump starter pack,品牌广告词,5.关键词库,152,rich_top_asin_col33
kw_0151,battery booster jump starter pack,视频广告词,5.关键词库,152,rich_top_asin_col33
kw_0151,battery booster jump starter pack,SP广告词,5.关键词库,152,rich_top_asin_col33
kw_0152,motorcycle jump starter,自然搜索词,5.关键词库,153,rich_top_asin_col33
kw_0152,motorcycle jump starter,HR推荐词,5.关键词库,153,rich_top_asin_col33
kw_0152,motorcycle jump starter,视频广告词,5.关键词库,153,rich_top_asin_col33
kw_0152,motorcycle jump starter,SP广告词,5.关键词库,153,rich_top_asin_col33
kw_0153,car air pump and battery jumper,品牌广告词,5.关键词库,154,rich_top_asin_col33
kw_0154,car starter jump box with air compressor,自然搜索词,5.关键词库,155,rich_top_asin_col33
kw_0155,jump starter 6000 amp,自然搜索词,5.关键词库,156,rich_top_asin_col33
kw_0155,jump starter 6000 amp,视频广告词,5.关键词库,156,rich_top_asin_col33
kw_0156,car jumper starter,自然搜索词,5.关键词库,157,rich_top_asin_col33
kw_0156,car jumper starter,品牌广告词,5.关键词库,157,rich_top_asin_col33
kw_0156,car jumper starter,视频广告词,5.关键词库,157,rich_top_asin_col33
kw_0156,car jumper starter,SP广告词,5.关键词库,157,rich_top_asin_col33
kw_0157,jumper pack,自然搜索词,5.关键词库,158,rich_top_asin_col33
kw_0157,jumper pack,HR推荐词,5.关键词库,158,rich_top_asin_col33
kw_0157,jumper pack,品牌广告词,5.关键词库,158,rich_top_asin_col33
kw_0157,jumper pack,视频广告词,5.关键词库,158,rich_top_asin_col33
kw_0157,jumper pack,SP广告词,5.关键词库,158,rich_top_asin_col33
kw_0158,portable jump box,自然搜索词,5.关键词库,159,rich_top_asin_col33
kw_0158,portable jump box,品牌广告词,5.关键词库,159,rich_top_asin_col33
kw_0158,portable jump box,视频广告词,5.关键词库,159,rich_top_asin_col33
kw_0158,portable jump box,SP广告词,5.关键词库,159,rich_top_asin_col33
kw_0159,power bank jump starter,自然搜索词,5.关键词库,160,rich_top_asin_col33
kw_0159,power bank jump starter,品牌广告词,5.关键词库,160,rich_top_asin_col33
kw_0159,power bank jump starter,视频广告词,5.关键词库,160,rich_top_asin_col33
kw_0159,power bank jump starter,SP广告词,5.关键词库,160,rich_top_asin_col33
kw_0160,jump starter battery pack,自然搜索词,5.关键词库,161,rich_top_asin_col33
kw_0160,jump starter battery pack,HR推荐词,5.关键词库,161,rich_top_asin_col33
kw_0160,jump starter battery pack,品牌广告词,5.关键词库,161,rich_top_asin_col33
kw_0160,jump starter battery pack,视频广告词,5.关键词库,161,rich_top_asin_col33
kw_0160,jump starter battery pack,SP广告词,5.关键词库,161,rich_top_asin_col33
kw_0161,capacitor jump starter,自然搜索词,5.关键词库,162,rich_top_asin_col33
kw_0162,jumpstart battery pack,自然搜索词,5.关键词库,163,rich_top_asin_col33
kw_0162,jumpstart battery pack,品牌广告词,5.关键词库,163,rich_top_asin_col33
kw_0162,jumpstart battery pack,视频广告词,5.关键词库,163,rich_top_asin_col33
kw_0162,jumpstart battery pack,SP广告词,5.关键词库,163,rich_top_asin_col33
kw_0163,jump starter for car,自然搜索词,5.关键词库,164,rich_top_asin_col33
kw_0163,jump starter for car,HR推荐词,5.关键词库,164,rich_top_asin_col33
kw_0163,jump starter for car,品牌广告词,5.关键词库,164,rich_top_asin_col33
kw_0163,jump starter for car,视频广告词,5.关键词库,164,rich_top_asin_col33
kw_0163,jump starter for car,SP广告词,5.关键词库,164,rich_top_asin_col33
kw_0165,jump boxes for vehicles,自然搜索词,5.关键词库,166,rich_top_asin_col33
kw_0165,jump boxes for vehicles,HR推荐词,5.关键词库,166,rich_top_asin_col33
kw_0165,jump boxes for vehicles,品牌广告词,5.关键词库,166,rich_top_asin_col33
kw_0165,jump boxes for vehicles,视频广告词,5.关键词库,166,rich_top_asin_col33
kw_0165,jump boxes for vehicles,SP广告词,5.关键词库,166,rich_top_asin_col33
kw_0166,portable battery jumper,自然搜索词,5.关键词库,167,rich_top_asin_col33
kw_0166,portable battery jumper,HR推荐词,5.关键词库,167,rich_top_asin_col33
kw_0166,portable battery jumper,品牌广告词,5.关键词库,167,rich_top_asin_col33
kw_0166,portable battery jumper,视频广告词,5.关键词库,167,rich_top_asin_col33
kw_0166,portable battery jumper,SP广告词,5.关键词库,167,rich_top_asin_col33
kw_0167,car battery charger portable jump starter,自然搜索词,5.关键词库,168,rich_top_asin_col33
kw_0167,car battery charger portable jump starter,品牌广告词,5.关键词库,168,rich_top_asin_col33
kw_0167,car battery charger portable jump starter,视频广告词,5.关键词库,168,rich_top_asin_col33
kw_0168,battery charger and jump starter,自然搜索词,5.关键词库,169,rich_top_asin_col33
kw_0168,battery charger and jump starter,品牌广告词,5.关键词库,169,rich_top_asin_col33
kw_0168,battery charger and jump starter,视频广告词,5.关键词库,169,rich_top_asin_col33
kw_0168,battery charger and jump starter,SP广告词,5.关键词库,169,rich_top_asin_col33
kw_0169,duralast jump starter,自然搜索词,5.关键词库,170,rich_top_asin_col33
kw_0170,jumper battery pack,自然搜索词,5.关键词库,171,rich_top_asin_col33
kw_0170,jumper battery pack,品牌广告词,5.关键词库,171,rich_top_asin_col33
kw_0170,jumper battery pack,视频广告词,5.关键词库,171,rich_top_asin_col33
kw_0170,jumper battery pack,SP广告词,5.关键词库,171,rich_top_asin_col33
kw_0171,12/24 volt battery jump pack,自然搜索词,5.关键词库,172,rich_top_asin_col33
kw_0172,car battery jump box,自然搜索词,5.关键词库,173,rich_top_asin_col33
kw_0172,car battery jump box,品牌广告词,5.关键词库,173,rich_top_asin_col33
kw_0172,car battery jump box,视频广告词,5.关键词库,173,rich_top_asin_col33
kw_0172,car battery jump box,SP广告词,5.关键词库,173,rich_top_asin_col33
kw_0173,power bank car jump starter,自然搜索词,5.关键词库,174,rich_top_asin_col33
kw_0173,power bank car jump starter,品牌广告词,5.关键词库,174,rich_top_asin_col33
kw_0173,power bank car jump starter,视频广告词,5.关键词库,174,rich_top_asin_col33
kw_0173,power bank car jump starter,SP广告词,5.关键词库,174,rich_top_asin_col33
kw_0174,cargador de batería para carro,自然搜索词,5.关键词库,175,rich_top_asin_col33
kw_0174,cargador de batería para carro,视频广告词,5.关键词库,175,rich_top_asin_col33
kw_0175,rechargeable car battery charger,自然搜索词,5.关键词库,176,rich_top_asin_col33
kw_0175,rechargeable car battery charger,品牌广告词,5.关键词库,176,rich_top_asin_col33
kw_0175,rechargeable car battery charger,视频广告词,5.关键词库,176,rich_top_asin_col33
kw_0175,rechargeable car battery charger,SP广告词,5.关键词库,176,rich_top_asin_col33
kw_0176,6000a car battery jump starter,自然搜索词,5.关键词库,177,rich_top_asin_col33
kw_0177,battery jump start,自然搜索词,5.关键词库,178,rich_top_asin_col33
kw_0177,battery jump start,品牌广告词,5.关键词库,178,rich_top_asin_col33
kw_0177,battery jump start,视频广告词,5.关键词库,178,rich_top_asin_col33
kw_0177,battery jump start,SP广告词,5.关键词库,178,rich_top_asin_col33
kw_0178,battery charger with air compressor,品牌广告词,5.关键词库,179,rich_top_asin_col33
kw_0179,tacklife battery jump starter,自然搜索词,5.关键词库,180,rich_top_asin_col33
kw_0179,tacklife battery jump starter,视频广告词,5.关键词库,180,rich_top_asin_col33
kw_0180,booster pac,自然搜索词,5.关键词库,181,rich_top_asin_col33
kw_0182,car portable jump starter,自然搜索词,5.关键词库,183,rich_top_asin_col33
kw_0182,car portable jump starter,品牌广告词,5.关键词库,183,rich_top_asin_col33
kw_0182,car portable jump starter,视频广告词,5.关键词库,183,rich_top_asin_col33
kw_0183,travel air compressor for car tires,自然搜索词,5.关键词库,184,rich_top_asin_col33
kw_0184,battery jumper starter portable with air compressor,自然搜索词,5.关键词库,185,rich_top_asin_col33
kw_0184,battery jumper starter portable with air compressor,视频广告词,5.关键词库,185,rich_top_asin_col33
kw_0185,cargador portátil para carro,自然搜索词,5.关键词库,186,rich_top_asin_col33
kw_0186,battery jumper box,自然搜索词,5.关键词库,187,rich_top_asin_col33
kw_0186,battery jumper box,品牌广告词,5.关键词库,187,rich_top_asin_col33
kw_0186,battery jumper box,视频广告词,5.关键词库,187,rich_top_asin_col33
kw_0187,jump and carry jump starter,自然搜索词,5.关键词库,188,rich_top_asin_col33
kw_0187,jump and carry jump starter,品牌广告词,5.关键词库,188,rich_top_asin_col33
kw_0188,lithium ion jump starter,自然搜索词,5.关键词库,189,rich_top_asin_col33
kw_0188,lithium ion jump starter,品牌广告词,5.关键词库,189,rich_top_asin_col33
kw_0188,lithium ion jump starter,视频广告词,5.关键词库,189,rich_top_asin_col33
kw_0190,jumper box for car battery,自然搜索词,5.关键词库,191,rich_top_asin_col33
kw_0190,jumper box for car battery,品牌广告词,5.关键词库,191,rich_top_asin_col33
kw_0190,jumper box for car battery,视频广告词,5.关键词库,191,rich_top_asin_col33
kw_0190,jumper box for car battery,SP广告词,5.关键词库,191,rich_top_asin_col33
kw_0191,jump start car,自然搜索词,5.关键词库,192,rich_top_asin_col33
kw_0191,jump start car,品牌广告词,5.关键词库,192,rich_top_asin_col33
kw_0191,jump start car,视频广告词,5.关键词库,192,rich_top_asin_col33
kw_0191,jump start car,SP广告词,5.关键词库,192,rich_top_asin_col33
kw_0192,portable charger car jumper,自然搜索词,5.关键词库,193,rich_top_asin_col33
kw_0192,portable charger car jumper,品牌广告词,5.关键词库,193,rich_top_asin_col33
kw_0192,portable charger car jumper,视频广告词,5.关键词库,193,rich_top_asin_col33
kw_0192,portable charger car jumper,SP广告词,5.关键词库,193,rich_top_asin_col33
kw_0193,motorcycle jump starter portable,自然搜索词,5.关键词库,194,rich_top_asin_col33
kw_0193,motorcycle jump starter portable,品牌广告词,5.关键词库,194,rich_top_asin_col33
kw_0193,motorcycle jump starter portable,视频广告词,5.关键词库,194,rich_top_asin_col33
kw_0194,cargador batería carro,自然搜索词,5.关键词库,195,rich_top_asin_col33
kw_0195,emergency battery jump starter,自然搜索词,5.关键词库,196,rich_top_asin_col33
kw_0195,emergency battery jump starter,品牌广告词,5.关键词库,196,rich_top_asin_col33
kw_0195,emergency battery jump starter,视频广告词,5.关键词库,196,rich_top_asin_col33
kw_0195,emergency battery jump starter,SP广告词,5.关键词库,196,rich_top_asin_col33
kw_0196,motorcycle jump box,自然搜索词,5.关键词库,197,rich_top_asin_col33
kw_0196,motorcycle jump box,HR推荐词,5.关键词库,197,rich_top_asin_col33
kw_0196,motorcycle jump box,视频广告词,5.关键词库,197,rich_top_asin_col33
kw_0196,motorcycle jump box,SP广告词,5.关键词库,197,rich_top_asin_col33
kw_0197,car battery booster pack,自然搜索词,5.关键词库,198,rich_top_asin_col33
kw_0197,car battery booster pack,品牌广告词,5.关键词库,198,rich_top_asin_col33
kw_0197,car battery booster pack,视频广告词,5.关键词库,198,rich_top_asin_col33
kw_0197,car battery booster pack,SP广告词,5.关键词库,198,rich_top_asin_col33
kw_0198,battery jumper with air compressor,HR推荐词,5.关键词库,199,rich_top_asin_col33
kw_0198,battery jumper with air compressor,SP广告词,5.关键词库,199,rich_top_asin_col33
kw_0199,automotive jump box,自然搜索词,5.关键词库,200,rich_top_asin_col33
kw_0199,automotive jump box,视频广告词,5.关键词库,200,rich_top_asin_col33
kw_0200,best jump starter battery pack,自然搜索词,5.关键词库,201,rich_top_asin_col33
kw_0200,best jump starter battery pack,视频广告词,5.关键词库,201,rich_top_asin_col33
kw_0202,jump car battery portable,自然搜索词,5.关键词库,203,rich_top_asin_col33
kw_0202,jump car battery portable,品牌广告词,5.关键词库,203,rich_top_asin_col33
kw_0202,jump car battery portable,视频广告词,5.关键词库,203,rich_top_asin_col33
kw_0203,air compresser,自然搜索词,5.关键词库,204,rich_top_asin_col33
kw_0204,mini jump starter,自然搜索词,5.关键词库,205,rich_top_asin_col33
kw_0204,mini jump starter,品牌广告词,5.关键词库,205,rich_top_asin_col33
kw_0204,mini jump starter,视频广告词,5.关键词库,205,rich_top_asin_col33
kw_0204,mini jump starter,SP广告词,5.关键词库,205,rich_top_asin_col33
kw_0205,6000 amp jump starter,自然搜索词,5.关键词库,206,rich_top_asin_col33
kw_0205,6000 amp jump starter,视频广告词,5.关键词库,206,rich_top_asin_col33
kw_0205,6000 amp jump starter,SP广告词,5.关键词库,206,rich_top_asin_col33
kw_0206,battery starter portable,自然搜索词,5.关键词库,207,rich_top_asin_col33
kw_0206,battery starter portable,HR推荐词,5.关键词库,207,rich_top_asin_col33
kw_0206,battery starter portable,品牌广告词,5.关键词库,207,rich_top_asin_col33
kw_0206,battery starter portable,视频广告词,5.关键词库,207,rich_top_asin_col33
kw_0206,battery starter portable,SP广告词,5.关键词库,207,rich_top_asin_col33
kw_0207,jump starter air compressor combo,视频广告词,5.关键词库,208,rich_top_asin_col33
kw_0208,compact jump starter,自然搜索词,5.关键词库,209,rich_top_asin_col33
kw_0208,compact jump starter,HR推荐词,5.关键词库,209,rich_top_asin_col33
kw_0208,compact jump starter,品牌广告词,5.关键词库,209,rich_top_asin_col33
kw_0208,compact jump starter,视频广告词,5.关键词库,209,rich_top_asin_col33
kw_0208,compact jump starter,SP广告词,5.关键词库,209,rich_top_asin_col33
kw_0209,diesel jump starter,自然搜索词,5.关键词库,210,rich_top_asin_col33
kw_0209,diesel jump starter,HR推荐词,5.关键词库,210,rich_top_asin_col33
kw_0209,diesel jump starter,SP广告词,5.关键词库,210,rich_top_asin_col33
kw_0211,car battery jumper,自然搜索词,5.关键词库,212,rich_top_asin_col33
kw_0211,car battery jumper,HR推荐词,5.关键词库,212,rich_top_asin_col33
kw_0211,car battery jumper,品牌广告词,5.关键词库,212,rich_top_asin_col33
kw_0211,car battery jumper,视频广告词,5.关键词库,212,rich_top_asin_col33
kw_0211,car battery jumper,SP广告词,5.关键词库,212,rich_top_asin_col33
kw_0212,6000a jump starter,自然搜索词,5.关键词库,213,rich_top_asin_col33
kw_0212,6000a jump starter,HR推荐词,5.关键词库,213,rich_top_asin_col33
kw_0212,6000a jump starter,视频广告词,5.关键词库,213,rich_top_asin_col33
kw_0213,battery jump box portable,自然搜索词,5.关键词库,214,rich_top_asin_col33
kw_0213,battery jump box portable,品牌广告词,5.关键词库,214,rich_top_asin_col33
kw_0213,battery jump box portable,视频广告词,5.关键词库,214,rich_top_asin_col33
kw_0214,battery tender jump starter,自然搜索词,5.关键词库,215,rich_top_asin_col33
kw_0215,portable car jump starter with air compressor,自然搜索词,5.关键词库,216,rich_top_asin_col33
kw_0215,portable car jump starter with air compressor,视频广告词,5.关键词库,216,rich_top_asin_col33
kw_0216,car power bank,自然搜索词,5.关键词库,217,rich_top_asin_col33
kw_0216,car power bank,品牌广告词,5.关键词库,217,rich_top_asin_col33
kw_0216,car power bank,视频广告词,5.关键词库,217,rich_top_asin_col33
kw_0217,battery jumper pack,自然搜索词,5.关键词库,218,rich_top_asin_col33
kw_0217,battery jumper pack,HR推荐词,5.关键词库,218,rich_top_asin_col33
kw_0217,battery jumper pack,品牌广告词,5.关键词库,218,rich_top_asin_col33
kw_0217,battery jumper pack,视频广告词,5.关键词库,218,rich_top_asin_col33
kw_0217,battery jumper pack,SP广告词,5.关键词库,218,rich_top_asin_col33
kw_0218,beatit jump starter,自然搜索词,5.关键词库,219,rich_top_asin_col33
kw_0221,car safety kit,自然搜索词,5.关键词库,222,compact_type_col6_top_asin_col25
kw_0222,dbpower jump starter charger,自然搜索词,5.关键词库,223,compact_type_col6_top_asin_col25
kw_0223,noco gb70,自然搜索词,5.关键词库,224,compact_type_col6_top_asin_col25
kw_0223,noco gb70,品牌广告词,5.关键词库,224,compact_type_col6_top_asin_col25
kw_0223,noco gb70,视频广告词,5.关键词库,224,compact_type_col6_top_asin_col25
kw_0223,noco gb70,SP广告词,5.关键词库,224,compact_type_col6_top_asin_col25
kw_0227,car fuse tester,SP广告词,5.关键词库,228,compact_type_col6_top_asin_col25
kw_0229,tascam dr-40x,SP广告词,5.关键词库,230,compact_type_col6_top_asin_col25
kw_0230,emergency kit for car,品牌广告词,5.关键词库,231,compact_type_col6_top_asin_col25
kw_0230,emergency kit for car,视频广告词,5.关键词库,231,compact_type_col6_top_asin_col25
kw_0233,mophie powerstation,视频广告词,5.关键词库,234,compact_type_col6_top_asin_col25
kw_0234,box jump,HR推荐词,5.关键词库,235,compact_type_col6_top_asin_col25
kw_0234,box jump,SP广告词,5.关键词库,235,compact_type_col6_top_asin_col25
kw_0235,automotive,自然搜索词,5.关键词库,236,compact_type_col6_top_asin_col25
kw_0236,off road accessories,自然搜索词,5.关键词库,237,compact_type_col6_top_asin_col25
kw_0236,off road accessories,视频广告词,5.关键词库,237,compact_type_col6_top_asin_col25
kw_0237,rv battery box,HR推荐词,5.关键词库,238,compact_type_col6_top_asin_col25
kw_0237,rv battery box,SP广告词,5.关键词库,238,compact_type_col6_top_asin_col25
kw_0238,battery charger 12v automotive,自然搜索词,5.关键词库,239,compact_type_col6_top_asin_col25
kw_0240,norco battery jumper,自然搜索词,5.关键词库,241,compact_type_col6_top_asin_col25
kw_0240,norco battery jumper,品牌广告词,5.关键词库,241,compact_type_col6_top_asin_col25
kw_0240,norco battery jumper,视频广告词,5.关键词库,241,compact_type_col6_top_asin_col25
kw_0240,norco battery jumper,SP广告词,5.关键词库,241,compact_type_col6_top_asin_col25
kw_0243,halo car jump starter with air compressor,SP广告词,5.关键词库,244,compact_type_col6_top_asin_col25
kw_0244,accessories for car,HR推荐词,5.关键词库,245,compact_type_col6_top_asin_col25
kw_0246,weego,自然搜索词,5.关键词库,247,compact_type_col6_top_asin_col25
kw_0247,orange car accessories,HR推荐词,5.关键词库,248,compact_type_col6_top_asin_col25
kw_0248,air compressor and jump starter combo,自然搜索词,5.关键词库,249,rich_top_asin_col33
kw_0249,car battery cleaner,SP广告词,5.关键词库,250,compact_type_col6_top_asin_col25
kw_0250,dog booster & car seats,SP广告词,5.关键词库,251,compact_type_col6_top_asin_col25
kw_0255,jumper cable clamps,SP广告词,5.关键词库,256,compact_type_col6_top_asin_col25
kw_0260,cargador para carro,SP广告词,5.关键词库,261,compact_type_col6_top_asin_col25
kw_0263,12v battery charger for ride on toys,视频广告词,5.关键词库,264,compact_type_col6_top_asin_col25
kw_0264,noco boost x,自然搜索词,5.关键词库,265,compact_type_col6_top_asin_col25
kw_0264,noco boost x,HR推荐词,5.关键词库,265,compact_type_col6_top_asin_col25
kw_0264,noco boost x,品牌广告词,5.关键词库,265,compact_type_col6_top_asin_col25
kw_0264,noco boost x,视频广告词,5.关键词库,265,compact_type_col6_top_asin_col25
kw_0265,automobile accessories,HR推荐词,5.关键词库,266,compact_type_col6_top_asin_col25
kw_0268,yesper battery jump starter,自然搜索词,5.关键词库,269,compact_type_col6_top_asin_col25
kw_0270,battery pack charger,SP广告词,5.关键词库,271,compact_type_col6_top_asin_col25
kw_0271,vehicle,SP广告词,5.关键词库,272,compact_type_col6_top_asin_col25
kw_0272,buture jump starter,自然搜索词,5.关键词库,273,compact_type_col6_top_asin_col25
kw_0273,battery charger clamps,SP广告词,5.关键词库,274,compact_type_col6_top_asin_col25
kw_0276,porter cable 18v battery charger,视频广告词,5.关键词库,277,compact_type_col6_top_asin_col25
kw_0277,battery corrosion preventative,SP广告词,5.关键词库,278,compact_type_col6_top_asin_col25
kw_0278,car essentials for men,HR推荐词,5.关键词库,279,compact_type_col6_top_asin_col25
kw_0278,car essentials for men,SP广告词,5.关键词库,279,compact_type_col6_top_asin_col25
kw_0280,electric car jack,自然搜索词,5.关键词库,281,compact_type_col6_top_asin_col25
kw_0281,motopower,SP广告词,5.关键词库,282,compact_type_col6_top_asin_col25
kw_0283,jump in,视频广告词,5.关键词库,284,compact_type_col6_top_asin_col25
kw_0284,gb40 noco boost plus,自然搜索词,5.关键词库,285,compact_type_col6_top_asin_col25
kw_0284,gb40 noco boost plus,品牌广告词,5.关键词库,285,compact_type_col6_top_asin_col25
kw_0284,gb40 noco boost plus,视频广告词,5.关键词库,285,compact_type_col6_top_asin_col25
kw_0284,gb40 noco boost plus,SP广告词,5.关键词库,285,compact_type_col6_top_asin_col25
kw_0285,livowalny,SP广告词,5.关键词库,286,compact_type_col6_top_asin_col25
kw_0286,gbx55,自然搜索词,5.关键词库,287,compact_type_col6_top_asin_col25
kw_0289,gb40,自然搜索词,5.关键词库,290,compact_type_col6_top_asin_col25
kw_0289,gb40,品牌广告词,5.关键词库,290,compact_type_col6_top_asin_col25
kw_0289,gb40,视频广告词,5.关键词库,290,compact_type_col6_top_asin_col25
kw_0289,gb40,SP广告词,5.关键词库,290,compact_type_col6_top_asin_col25
kw_0291,dewalt inflator,自然搜索词,5.关键词库,292,compact_type_col6_top_asin_col25
kw_0292,fun car accessories,HR推荐词,5.关键词库,293,compact_type_col6_top_asin_col25
kw_0292,fun car accessories,SP广告词,5.关键词库,293,compact_type_col6_top_asin_col25
kw_0293,gooloo,自然搜索词,5.关键词库,294,compact_type_col6_top_asin_col25
kw_0293,gooloo,SP广告词,5.关键词库,294,compact_type_col6_top_asin_col25
kw_0295,boost juice,SP广告词,5.关键词库,296,compact_type_col6_top_asin_col25
kw_0297,weego 44s portable jump starter,自然搜索词,5.关键词库,298,compact_type_col6_top_asin_col25
kw_0302,cbs deals today,自然搜索词,5.关键词库,303,compact_type_col6_top_asin_col25
kw_0303,automotive battery charger,自然搜索词,5.关键词库,304,compact_type_col6_top_asin_col25
kw_0304,car jump,自然搜索词,5.关键词库,305,compact_type_col6_top_asin_col25
kw_0304,car jump,品牌广告词,5.关键词库,305,compact_type_col6_top_asin_col25
kw_0304,car jump,视频广告词,5.关键词库,305,compact_type_col6_top_asin_col25
kw_0304,car jump,SP广告词,5.关键词库,305,compact_type_col6_top_asin_col25
kw_0305,battery air pump,自然搜索词,5.关键词库,306,compact_type_col6_top_asin_col25
kw_0307,yaber jump starter,自然搜索词,5.关键词库,308,compact_type_col6_top_asin_col25
kw_0308,jumpstart 2022,自然搜索词,5.关键词库,309,compact_type_col6_top_asin_col25
kw_0309,jumpropes,视频广告词,5.关键词库,310,compact_type_col6_top_asin_col25
kw_0310,noco boost hd,自然搜索词,5.关键词库,311,compact_type_col6_top_asin_col25
kw_0310,noco boost hd,品牌广告词,5.关键词库,311,compact_type_col6_top_asin_col25
kw_0310,noco boost hd,视频广告词,5.关键词库,311,compact_type_col6_top_asin_col25
kw_0311,emergency roadside kit for car,自然搜索词,5.关键词库,312,compact_type_col6_top_asin_col25
kw_0311,emergency roadside kit for car,视频广告词,5.关键词库,312,compact_type_col6_top_asin_col25
kw_0312,fixaflat,SP广告词,5.关键词库,313,compact_type_col6_top_asin_col25
kw_0314,jumper cables 2 gauge,视频广告词,5.关键词库,315,compact_type_col6_top_asin_col25
kw_0315,extra long jumper cables,自然搜索词,5.关键词库,316,compact_type_col6_top_asin_col25
kw_0318,car automotive,SP广告词,5.关键词库,319,compact_type_col6_top_asin_col25
kw_0319,mens car accessories,HR推荐词,5.关键词库,320,compact_type_col6_top_asin_col25
kw_0320,real car,自然搜索词,5.关键词库,321,compact_type_col6_top_asin_col25
kw_0321,dewalt car battery charger jump starter,自然搜索词,5.关键词库,322,compact_type_col6_top_asin_col25
kw_0324,halo bolt ultimate 2.0,SP广告词,5.关键词库,325,compact_type_col6_top_asin_col25
kw_0325,solar car battery charger,SP广告词,5.关键词库,326,compact_type_col6_top_asin_col25
kw_0326,car starter battery pack,自然搜索词,5.关键词库,327,compact_type_col6_top_asin_col25
kw_0326,car starter battery pack,品牌广告词,5.关键词库,327,compact_type_col6_top_asin_col25
kw_0326,car starter battery pack,视频广告词,5.关键词库,327,compact_type_col6_top_asin_col25
kw_0326,car starter battery pack,SP广告词,5.关键词库,327,compact_type_col6_top_asin_col25
kw_0327,wooloo,自然搜索词,5.关键词库,328,compact_type_col6_top_asin_col25
kw_0329,viper 5706v,SP广告词,5.关键词库,330,compact_type_col6_top_asin_col25
kw_0330,small engine turbo,SP广告词,5.关键词库,331,compact_type_col6_top_asin_col25
kw_0331,db power battery jump starter,自然搜索词,5.关键词库,332,compact_type_col6_top_asin_col25
kw_0332,halo bolt 58830,SP广告词,5.关键词库,333,compact_type_col6_top_asin_col25
kw_0336,halo air,自然搜索词,5.关键词库,337,compact_type_col6_top_asin_col25
kw_0337,avapow 3000a car battery jump starter,自然搜索词,5.关键词库,338,compact_type_col6_top_asin_col25
kw_0338,travel accessories,自然搜索词,5.关键词库,339,compact_type_col6_top_asin_col25
kw_0340,car jump start,自然搜索词,5.关键词库,341,compact_type_col6_top_asin_col25
kw_0340,car jump start,HR推荐词,5.关键词库,341,compact_type_col6_top_asin_col25
kw_0340,car jump start,品牌广告词,5.关键词库,341,compact_type_col6_top_asin_col25
kw_0340,car jump start,视频广告词,5.关键词库,341,compact_type_col6_top_asin_col25
kw_0340,car jump start,SP广告词,5.关键词库,341,compact_type_col6_top_asin_col25
kw_0341,led car,SP广告词,5.关键词库,342,compact_type_col6_top_asin_col25
kw_0342,x pro,SP广告词,5.关键词库,343,compact_type_col6_top_asin_col25
kw_0343,"vtoman v10 jump starter, 2500a portable",自然搜索词,5.关键词库,344,compact_type_col6_top_asin_col25
kw_0343,"vtoman v10 jump starter, 2500a portable",品牌广告词,5.关键词库,344,compact_type_col6_top_asin_col25
kw_0344,memory saver for car battery,自然搜索词,5.关键词库,345,compact_type_col6_top_asin_col25
kw_0345,gb70 noco boost hd 12v 2000a charger,自然搜索词,5.关键词库,346,compact_type_col6_top_asin_col25
kw_0345,gb70 noco boost hd 12v 2000a charger,品牌广告词,5.关键词库,346,compact_type_col6_top_asin_col25
kw_0345,gb70 noco boost hd 12v 2000a charger,视频广告词,5.关键词库,346,compact_type_col6_top_asin_col25
kw_0346,nocco car jumper,自然搜索词,5.关键词库,347,compact_type_col6_top_asin_col25
kw_0346,nocco car jumper,视频广告词,5.关键词库,347,compact_type_col6_top_asin_col25
kw_0349,clean booster car,SP广告词,5.关键词库,350,compact_type_col6_top_asin_col25
kw_0350,battery shims,SP广告词,5.关键词库,351,compact_type_col6_top_asin_col25
kw_0352,boost max 30g protein,品牌广告词,5.关键词库,353,compact_type_col6_top_asin_col25
kw_0354,noco gb150,自然搜索词,5.关键词库,355,compact_type_col6_top_asin_col25
kw_0354,noco gb150,品牌广告词,5.关键词库,355,compact_type_col6_top_asin_col25
kw_0354,noco gb150,视频广告词,5.关键词库,355,compact_type_col6_top_asin_col25
kw_0354,noco gb150,SP广告词,5.关键词库,355,compact_type_col6_top_asin_col25
kw_0356,halo jump starter with air compressor,自然搜索词,5.关键词库,357,compact_type_col6_top_asin_col25
kw_0357,dewalt air inflator,自然搜索词,5.关键词库,358,compact_type_col6_top_asin_col25
kw_0358,car stuff,HR推荐词,5.关键词库,359,compact_type_col6_top_asin_col25
kw_0359,noco boost pro gb150 3000a,自然搜索词,5.关键词库,360,compact_type_col6_top_asin_col25
kw_0359,noco boost pro gb150 3000a,品牌广告词,5.关键词库,360,compact_type_col6_top_asin_col25
kw_0359,noco boost pro gb150 3000a,视频广告词,5.关键词库,360,compact_type_col6_top_asin_col25
kw_0363,noco boost pro,自然搜索词,5.关键词库,364,compact_type_col6_top_asin_col25
kw_0363,noco boost pro,品牌广告词,5.关键词库,364,compact_type_col6_top_asin_col25
kw_0363,noco boost pro,视频广告词,5.关键词库,364,compact_type_col6_top_asin_col25
kw_0363,noco boost pro,SP广告词,5.关键词库,364,compact_type_col6_top_asin_col25
kw_0364,vtoman jump starter,自然搜索词,5.关键词库,365,compact_type_col6_top_asin_col25
kw_0369,motorcycle usb port,自然搜索词,5.关键词库,370,compact_type_col6_top_asin_col25
kw_0369,motorcycle usb port,视频广告词,5.关键词库,370,compact_type_col6_top_asin_col25
kw_0371,gooloo tire inflator,自然搜索词,5.关键词库,372,compact_type_col6_top_asin_col25
kw_0373,jnc660 jump-n-carry,品牌广告词,5.关键词库,374,compact_type_col6_top_asin_col25
kw_0374,noco charger,自然搜索词,5.关键词库,375,compact_type_col6_top_asin_col25
kw_0374,noco charger,品牌广告词,5.关键词库,375,compact_type_col6_top_asin_col25
kw_0374,noco charger,视频广告词,5.关键词库,375,compact_type_col6_top_asin_col25
kw_0375,noco boost jump starter,自然搜索词,5.关键词库,376,compact_type_col6_top_asin_col25
kw_0375,noco boost jump starter,品牌广告词,5.关键词库,376,compact_type_col6_top_asin_col25
kw_0375,noco boost jump starter,视频广告词,5.关键词库,376,compact_type_col6_top_asin_col25
kw_0375,noco boost jump starter,SP广告词,5.关键词库,376,compact_type_col6_top_asin_col25
kw_0378,diesel mechanic tools,HR推荐词,5.关键词库,379,compact_type_col6_top_asin_col25
kw_0378,diesel mechanic tools,SP广告词,5.关键词库,379,compact_type_col6_top_asin_col25
kw_0379,starter relay,品牌广告词,5.关键词库,380,compact_type_col6_top_asin_col25
kw_0380,malco,SP广告词,5.关键词库,381,compact_type_col6_top_asin_col25
kw_0382,milwaukee car charger,自然搜索词,5.关键词库,383,compact_type_col6_top_asin_col25
kw_0383,motorcycle tool kit,自然搜索词,5.关键词库,384,compact_type_col6_top_asin_col25
kw_0385,battery desulfator,SP广告词,5.关键词库,386,compact_type_col6_top_asin_col25
kw_0388,travel booster seat for car,SP广告词,5.关键词库,389,compact_type_col6_top_asin_col25
kw_0389,boost max,品牌广告词,5.关键词库,390,compact_type_col6_top_asin_col25
kw_0389,boost max,视频广告词,5.关键词库,390,compact_type_col6_top_asin_col25
kw_0390,buture,SP广告词,5.关键词库,391,compact_type_col6_top_asin_col25
kw_0391,starter motor,品牌广告词,5.关键词库,392,compact_type_col6_top_asin_col25
kw_0391,starter motor,视频广告词,5.关键词库,392,compact_type_col6_top_asin_col25
kw_0392,suv,SP广告词,5.关键词库,393,compact_type_col6_top_asin_col25
kw_0393,car gifts,SP广告词,5.关键词库,394,compact_type_col6_top_asin_col25
kw_0394,noco battery jumper,自然搜索词,5.关键词库,395,compact_type_col6_top_asin_col25
kw_0394,noco battery jumper,HR推荐词,5.关键词库,395,compact_type_col6_top_asin_col25
kw_0394,noco battery jumper,品牌广告词,5.关键词库,395,compact_type_col6_top_asin_col25
kw_0394,noco battery jumper,视频广告词,5.关键词库,395,compact_type_col6_top_asin_col25
kw_0394,noco battery jumper,SP广告词,5.关键词库,395,compact_type_col6_top_asin_col25
kw_0395,dewalt tire inflator portable air compressor,自然搜索词,5.关键词库,396,compact_type_col6_top_asin_col25
kw_0396,chevron,SP广告词,5.关键词库,397,compact_type_col6_top_asin_col25
kw_0397,milwaukee jump starter,自然搜索词,5.关键词库,398,compact_type_col6_top_asin_col25
kw_0399,gooloo gp4000,自然搜索词,5.关键词库,400,compact_type_col6_top_asin_col25
kw_0401,dewalt portable air compressor,自然搜索词,5.关键词库,402,compact_type_col6_top_asin_col25
kw_0402,ridgid battery charger,视频广告词,5.关键词库,403,compact_type_col6_top_asin_col25
kw_0403,nocoboost,自然搜索词,5.关键词库,404,compact_type_col6_top_asin_col25
kw_0403,nocoboost,品牌广告词,5.关键词库,404,compact_type_col6_top_asin_col25
kw_0403,nocoboost,视频广告词,5.关键词库,404,compact_type_col6_top_asin_col25
kw_0404,car booster seat for short drivers,SP广告词,5.关键词库,405,compact_type_col6_top_asin_col25
kw_0407,better battery co,自然搜索词,5.关键词库,408,compact_type_col6_top_asin_col25
kw_0408,car battery maintainer 12 volt,自然搜索词,5.关键词库,409,compact_type_col6_top_asin_col25
kw_0410,work truck accessories,SP广告词,5.关键词库,411,compact_type_col6_top_asin_col25
kw_0412,buture car battery jump starter,SP广告词,5.关键词库,413,compact_type_col6_top_asin_col25
kw_0413,best car,自然搜索词,5.关键词库,414,compact_type_col6_top_asin_col25
kw_0414,truck battery charger,自然搜索词,5.关键词库,415,compact_type_col6_top_asin_col25
kw_0414,truck battery charger,品牌广告词,5.关键词库,415,compact_type_col6_top_asin_col25
kw_0415,starter kit,SP广告词,5.关键词库,416,compact_type_col6_top_asin_col25
kw_0416,36v lithium battery charger,视频广告词,5.关键词库,417,compact_type_col6_top_asin_col25
kw_0417,jump box gym,视频广告词,5.关键词库,418,compact_type_col6_top_asin_col25
kw_0418,halo battery,视频广告词,5.关键词库,419,compact_type_col6_top_asin_col25
kw_0420,battery memory saver,SP广告词,5.关键词库,421,compact_type_col6_top_asin_col25
kw_0422,noco gbx155,自然搜索词,5.关键词库,423,compact_type_col6_top_asin_col25
kw_0423,gb70,自然搜索词,5.关键词库,424,compact_type_col6_top_asin_col25
kw_0423,gb70,品牌广告词,5.关键词库,424,compact_type_col6_top_asin_col25
kw_0423,gb70,视频广告词,5.关键词库,424,compact_type_col6_top_asin_col25
kw_0423,gb70,SP广告词,5.关键词库,424,compact_type_col6_top_asin_col25
kw_0424,weego jump starter,自然搜索词,5.关键词库,425,compact_type_col6_top_asin_col25
kw_0426,24v jump starter,自然搜索词,5.关键词库,427,compact_type_col6_top_asin_col25
kw_0426,24v jump starter,HR推荐词,5.关键词库,427,compact_type_col6_top_asin_col25
kw_0426,24v jump starter,SP广告词,5.关键词库,427,compact_type_col6_top_asin_col25
kw_0428,megawise,SP广告词,5.关键词库,429,compact_type_col6_top_asin_col25
kw_0429,dewalt jump starter with air compressor,自然搜索词,5.关键词库,430,compact_type_col6_top_asin_col25
kw_0430,noco jump pack,自然搜索词,5.关键词库,431,compact_type_col6_top_asin_col25
kw_0430,noco jump pack,品牌广告词,5.关键词库,431,compact_type_col6_top_asin_col25
kw_0430,noco jump pack,视频广告词,5.关键词库,431,compact_type_col6_top_asin_col25
kw_0433,subaru,自然搜索词,5.关键词库,434,compact_type_col6_top_asin_col25
kw_0434,van life accessories,视频广告词,5.关键词库,435,compact_type_col6_top_asin_col25
kw_0435,noco battery jump starter,自然搜索词,5.关键词库,436,compact_type_col6_top_asin_col25
kw_0435,noco battery jump starter,HR推荐词,5.关键词库,436,compact_type_col6_top_asin_col25
kw_0435,noco battery jump starter,品牌广告词,5.关键词库,436,compact_type_col6_top_asin_col25
kw_0435,noco battery jump starter,视频广告词,5.关键词库,436,compact_type_col6_top_asin_col25
kw_0435,noco battery jump starter,SP广告词,5.关键词库,436,compact_type_col6_top_asin_col25
kw_0436,car battery holder,视频广告词,5.关键词库,437,compact_type_col6_top_asin_col25
kw_0437,matco tools,自然搜索词,5.关键词库,438,compact_type_col6_top_asin_col25
kw_0438,noco gbx45,自然搜索词,5.关键词库,439,compact_type_col6_top_asin_col25
kw_0440,nexpow,自然搜索词,5.关键词库,441,compact_type_col6_top_asin_col25
kw_0440,nexpow,HR推荐词,5.关键词库,441,compact_type_col6_top_asin_col25
kw_0440,nexpow,SP广告词,5.关键词库,441,compact_type_col6_top_asin_col25
kw_0441,12v battery pack,SP广告词,5.关键词库,442,compact_type_col6_top_asin_col25
kw_0443,jump start battery,自然搜索词,5.关键词库,444,compact_type_col6_top_asin_col25
kw_0443,jump start battery,HR推荐词,5.关键词库,444,compact_type_col6_top_asin_col25
kw_0443,jump start battery,品牌广告词,5.关键词库,444,compact_type_col6_top_asin_col25
kw_0443,jump start battery,视频广告词,5.关键词库,444,compact_type_col6_top_asin_col25
kw_0443,jump start battery,SP广告词,5.关键词库,444,compact_type_col6_top_asin_col25
kw_0444,charger for car battery,自然搜索词,5.关键词库,445,compact_type_col6_top_asin_col25
kw_0444,charger for car battery,视频广告词,5.关键词库,445,compact_type_col6_top_asin_col25
kw_0446,quick start,自然搜索词,5.关键词库,447,compact_type_col6_top_asin_col25
kw_0448,jump box workout,HR推荐词,5.关键词库,449,compact_type_col6_top_asin_col25
kw_0448,jump box workout,SP广告词,5.关键词库,449,compact_type_col6_top_asin_col25
kw_0449,dizzy dunker,SP广告词,5.关键词库,450,compact_type_col6_top_asin_col25
kw_0450,box for box jumps,视频广告词,5.关键词库,451,compact_type_col6_top_asin_col25
kw_0452,camping accessories,自然搜索词,5.关键词库,453,compact_type_col6_top_asin_col25
kw_0454,battery carrier,SP广告词,5.关键词库,455,compact_type_col6_top_asin_col25
kw_0458,gooloo jump starter power bank,自然搜索词,5.关键词库,459,compact_type_col6_top_asin_col25
kw_0459,more power puller,SP广告词,5.关键词库,460,compact_type_col6_top_asin_col25
kw_0460,for car,自然搜索词,5.关键词库,461,compact_type_col6_top_asin_col25
kw_0461,dewalt jump starter,自然搜索词,5.关键词库,462,compact_type_col6_top_asin_col25
kw_0462,car kit,HR推荐词,5.关键词库,463,compact_type_col6_top_asin_col25
kw_0465,audew jump starter,自然搜索词,5.关键词库,466,compact_type_col6_top_asin_col25
kw_0468,autos,自然搜索词,5.关键词库,469,compact_type_col6_top_asin_col25
kw_0469,dorman,SP广告词,5.关键词库,470,compact_type_col6_top_asin_col25
kw_0471,jump starter box,自然搜索词,5.关键词库,472,compact_type_col6_top_asin_col25
kw_0471,jump starter box,品牌广告词,5.关键词库,472,compact_type_col6_top_asin_col25
kw_0471,jump starter box,视频广告词,5.关键词库,472,compact_type_col6_top_asin_col25
kw_0471,jump starter box,SP广告词,5.关键词库,472,compact_type_col6_top_asin_col25
kw_0472,hotshots edt,SP广告词,5.关键词库,473,compact_type_col6_top_asin_col25
kw_0475,sellerspacekeywordauto,SP广告词,5.关键词库,476,compact_type_col6_top_asin_col25
kw_0478,noco gb50,自然搜索词,5.关键词库,479,compact_type_col6_top_asin_col25
kw_0478,noco gb50,HR推荐词,5.关键词库,479,compact_type_col6_top_asin_col25
kw_0478,noco gb50,品牌广告词,5.关键词库,479,compact_type_col6_top_asin_col25
kw_0478,noco gb50,视频广告词,5.关键词库,479,compact_type_col6_top_asin_col25
kw_0478,noco gb50,SP广告词,5.关键词库,479,compact_type_col6_top_asin_col25
kw_0479,power bank for car,自然搜索词,5.关键词库,480,compact_type_col6_top_asin_col25
kw_0479,power bank for car,品牌广告词,5.关键词库,480,compact_type_col6_top_asin_col25
kw_0479,power bank for car,视频广告词,5.关键词库,480,compact_type_col6_top_asin_col25
kw_0480,noco gb40 case,自然搜索词,5.关键词库,481,compact_type_col6_top_asin_col25
kw_0480,noco gb40 case,品牌广告词,5.关键词库,481,compact_type_col6_top_asin_col25
kw_0481,milwaukee inflator,SP广告词,5.关键词库,482,compact_type_col6_top_asin_col25
kw_0482,lockpicking,SP广告词,5.关键词库,483,compact_type_col6_top_asin_col25
kw_0483,hompow jump starter,自然搜索词,5.关键词库,484,compact_type_col6_top_asin_col25
kw_0484,noco cable,品牌广告词,5.关键词库,485,compact_type_col6_top_asin_col25
kw_0486,topdon js3000,自然搜索词,5.关键词库,487,compact_type_col6_top_asin_col25
kw_0488,booster pac es5000 charger,自然搜索词,5.关键词库,489,compact_type_col6_top_asin_col25
kw_0489,noco boost hd gb70 2000a,自然搜索词,5.关键词库,490,compact_type_col6_top_asin_col25
kw_0489,noco boost hd gb70 2000a,品牌广告词,5.关键词库,490,compact_type_col6_top_asin_col25
kw_0489,noco boost hd gb70 2000a,视频广告词,5.关键词库,490,compact_type_col6_top_asin_col25
kw_0490,car camping essentials,HR推荐词,5.关键词库,491,compact_type_col6_top_asin_col25
kw_0490,car camping essentials,SP广告词,5.关键词库,491,compact_type_col6_top_asin_col25
kw_0491,jumperoo,SP广告词,5.关键词库,492,compact_type_col6_top_asin_col25
kw_0496,middle buster,自然搜索词,5.关键词库,497,compact_type_col6_top_asin_col25
kw_0497,hulkman battery charger,自然搜索词,5.关键词库,498,compact_type_col6_top_asin_col25
kw_0498,access tools,SP广告词,5.关键词库,499,compact_type_col6_top_asin_col25
kw_0499,noco jump box,自然搜索词,5.关键词库,500,compact_type_col6_top_asin_col25
kw_0499,noco jump box,品牌广告词,5.关键词库,500,compact_type_col6_top_asin_col25
kw_0499,noco jump box,视频广告词,5.关键词库,500,compact_type_col6_top_asin_col25
kw_0499,noco jump box,SP广告词,5.关键词库,500,compact_type_col6_top_asin_col25
kw_0500,car kits for emergency,自然搜索词,5.关键词库,501,compact_type_col6_top_asin_col25
kw_0500,car kits for emergency,品牌广告词,5.关键词库,501,compact_type_col6_top_asin_col25
kw_0500,car kits for emergency,视频广告词,5.关键词库,501,compact_type_col6_top_asin_col25
kw_0501,noco case,自然搜索词,5.关键词库,502,compact_type_col6_top_asin_col25
kw_0503,lokithor,自然搜索词,5.关键词库,504,compact_type_col6_top_asin_col25
kw_0504,jumpstart computer games,SP广告词,5.关键词库,505,compact_type_col6_top_asin_col25
kw_0505,dbpower,SP广告词,5.关键词库,506,compact_type_col6_top_asin_col25
kw_0508,avapow car jump starter,自然搜索词,5.关键词库,509,compact_type_col6_top_asin_col25
kw_0508,avapow car jump starter,品牌广告词,5.关键词库,509,compact_type_col6_top_asin_col25
kw_0509,car battery charger heavy duty,自然搜索词,5.关键词库,510,compact_type_col6_top_asin_col25
kw_0510,dewalt jump box,自然搜索词,5.关键词库,511,compact_type_col6_top_asin_col25
kw_0511,noco boost hd gb70,自然搜索词,5.关键词库,512,compact_type_col6_top_asin_col25
kw_0511,noco boost hd gb70,品牌广告词,5.关键词库,512,compact_type_col6_top_asin_col25
kw_0511,noco boost hd gb70,视频广告词,5.关键词库,512,compact_type_col6_top_asin_col25
kw_0512,autowit,自然搜索词,5.关键词库,513,compact_type_col6_top_asin_col25
kw_0513,gbx155,自然搜索词,5.关键词库,514,compact_type_col6_top_asin_col25
kw_0514,norco,自然搜索词,5.关键词库,515,compact_type_col6_top_asin_col25
kw_0515,inverter pure sine wave,SP广告词,5.关键词库,516,compact_type_col6_top_asin_col25
kw_0516,gooloo gt4000s,SP广告词,5.关键词库,517,compact_type_col6_top_asin_col25
kw_0517,diehard battery charger,自然搜索词,5.关键词库,518,compact_type_col6_top_asin_col25
kw_0520,avp,视频广告词,5.关键词库,521,compact_type_col6_top_asin_col25
kw_0522,12v jump starter,自然搜索词,5.关键词库,523,compact_type_col6_top_asin_col25
kw_0522,12v jump starter,品牌广告词,5.关键词库,523,compact_type_col6_top_asin_col25
kw_0522,12v jump starter,视频广告词,5.关键词库,523,compact_type_col6_top_asin_col25
kw_0522,12v jump starter,SP广告词,5.关键词库,523,compact_type_col6_top_asin_col25
kw_0524,dsr jump box,自然搜索词,5.关键词库,525,compact_type_col6_top_asin_col25
kw_0525,battery charger maintainer,SP广告词,5.关键词库,526,compact_type_col6_top_asin_col25
kw_0527,hulkman alpha 85,自然搜索词,5.关键词库,528,compact_type_col6_top_asin_col25
kw_0528,car charge,自然搜索词,5.关键词库,529,compact_type_col6_top_asin_col25
kw_0528,car charge,SP广告词,5.关键词库,529,compact_type_col6_top_asin_col25
kw_0529,utrai portable car jump starter,自然搜索词,5.关键词库,530,compact_type_col6_top_asin_col25
kw_0529,utrai portable car jump starter,视频广告词,5.关键词库,530,compact_type_col6_top_asin_col25
kw_0530,halo bolt ultimate,品牌广告词,5.关键词库,531,compact_type_col6_top_asin_col25
kw_0531,car battery cleaner kit,SP广告词,5.关键词库,532,compact_type_col6_top_asin_col25
kw_0532,200 amp battery charger,视频广告词,5.关键词库,533,compact_type_col6_top_asin_col25
kw_0534,battery load tester 12v,SP广告词,5.关键词库,535,compact_type_col6_top_asin_col25
kw_0538,cool car accessories for men,自然搜索词,5.关键词库,539,compact_type_col6_top_asin_col25
kw_0539,nexpow 2000a,自然搜索词,5.关键词库,540,compact_type_col6_top_asin_col25
kw_0539,nexpow 2000a,SP广告词,5.关键词库,540,compact_type_col6_top_asin_col25
kw_0540,car maintenance kit,SP广告词,5.关键词库,541,compact_type_col6_top_asin_col25
kw_0541,hulkman jump starter 10.0,自然搜索词,5.关键词库,542,compact_type_col6_top_asin_col25
kw_0542,noco genius 10 case,自然搜索词,5.关键词库,543,compact_type_col6_top_asin_col25
kw_0543,car camping,自然搜索词,5.关键词库,544,compact_type_col6_top_asin_col25
kw_0544,car memory saver,自然搜索词,5.关键词库,545,compact_type_col6_top_asin_col25
kw_0549,noco gb20,自然搜索词,5.关键词库,550,compact_type_col6_top_asin_col25
kw_0549,noco gb20,品牌广告词,5.关键词库,550,compact_type_col6_top_asin_col25
kw_0549,noco gb20,视频广告词,5.关键词库,550,compact_type_col6_top_asin_col25
kw_0549,noco gb20,SP广告词,5.关键词库,550,compact_type_col6_top_asin_col25
kw_0550,halo armor,SP广告词,5.关键词库,551,compact_type_col6_top_asin_col25
kw_0552,gym box jump,视频广告词,5.关键词库,553,compact_type_col6_top_asin_col25
kw_0553,jump box with air compressor,品牌广告词,5.关键词库,554,rich_top_asin_col33
kw_0554,car accesories,自然搜索词,5.关键词库,555,compact_type_col6_top_asin_col25
kw_0555,things for car,品牌广告词,5.关键词库,556,compact_type_col6_top_asin_col25
kw_0555,things for car,SP广告词,5.关键词库,556,compact_type_col6_top_asin_col25
kw_0556,air compressor jump starter combo,视频广告词,5.关键词库,557,rich_top_asin_col33
kw_0557,"powrun p-one jump starter, 2000a portable jump starter box",视频广告词,5.关键词库,558,compact_type_col6_top_asin_col25
kw_0559,noco gbx75,自然搜索词,5.关键词库,560,compact_type_col6_top_asin_col25
kw_0560,charge o matic,自然搜索词,5.关键词库,561,compact_type_col6_top_asin_col25
kw_0563,yaber,自然搜索词,5.关键词库,564,compact_type_col6_top_asin_col25
kw_0564,gb150 noco boost pro,自然搜索词,5.关键词库,565,compact_type_col6_top_asin_col25
kw_0564,gb150 noco boost pro,视频广告词,5.关键词库,565,compact_type_col6_top_asin_col25
kw_0565,memory saver,SP广告词,5.关键词库,566,compact_type_col6_top_asin_col25
kw_0569,booster car,自然搜索词,5.关键词库,570,compact_type_col6_top_asin_col25
kw_0570,astroai,SP广告词,5.关键词库,571,compact_type_col6_top_asin_col25
kw_0571,vtoman x7,品牌广告词,5.关键词库,572,compact_type_col6_top_asin_col25
kw_0572,jumper box heavy duty,自然搜索词,5.关键词库,573,compact_type_col6_top_asin_col25
kw_0572,jumper box heavy duty,HR推荐词,5.关键词库,573,compact_type_col6_top_asin_col25
kw_0572,jumper box heavy duty,品牌广告词,5.关键词库,573,compact_type_col6_top_asin_col25
kw_0572,jumper box heavy duty,视频广告词,5.关键词库,573,compact_type_col6_top_asin_col25
kw_0572,jumper box heavy duty,SP广告词,5.关键词库,573,compact_type_col6_top_asin_col25
kw_0573,air pump and battery jumper combo,品牌广告词,5.关键词库,574,rich_top_asin_col33
kw_0573,air pump and battery jumper combo,SP广告词,5.关键词库,574,rich_top_asin_col33
kw_0575,4 in 1 portable jump starter with air pump pro,HR推荐词,5.关键词库,576,rich_top_asin_col33
kw_0575,4 in 1 portable jump starter with air pump pro,品牌广告词,5.关键词库,576,rich_top_asin_col33
kw_0575,4 in 1 portable jump starter with air pump pro,SP广告词,5.关键词库,576,rich_top_asin_col33
kw_0576,jnc 660,自然搜索词,5.关键词库,577,compact_type_col6_top_asin_col25
kw_0576,jnc 660,品牌广告词,5.关键词库,577,compact_type_col6_top_asin_col25
kw_0577,dewalt air compressor portable,自然搜索词,5.关键词库,578,compact_type_col6_top_asin_col25
kw_0578,acmount car jump starter,自然搜索词,5.关键词库,579,compact_type_col6_top_asin_col25
kw_0580,car camping accessories,SP广告词,5.关键词库,581,compact_type_col6_top_asin_col25
kw_0581,jump box exercise,视频广告词,5.关键词库,582,compact_type_col6_top_asin_col25
kw_0582,aviwis,视频广告词,5.关键词库,583,compact_type_col6_top_asin_col25
kw_0583,lazy jump,自然搜索词,5.关键词库,584,compact_type_col6_top_asin_col25
kw_0585,vehicle battery charger,自然搜索词,5.关键词库,586,compact_type_col6_top_asin_col25
kw_0586,alternator for,视频广告词,5.关键词库,587,compact_type_col6_top_asin_col25
kw_0588,ryobi jump starter,自然搜索词,5.关键词库,589,compact_type_col6_top_asin_col25
kw_0590,noco boost plus gb40 1000a ultrasafe car battery jump,自然搜索词,5.关键词库,591,compact_type_col6_top_asin_col25
kw_0590,noco boost plus gb40 1000a ultrasafe car battery jump,品牌广告词,5.关键词库,591,compact_type_col6_top_asin_col25
kw_0590,noco boost plus gb40 1000a ultrasafe car battery jump,视频广告词,5.关键词库,591,compact_type_col6_top_asin_col25
kw_0591,morningsave deals,自然搜索词,5.关键词库,592,compact_type_col6_top_asin_col25
kw_0594,gooloo 4000,自然搜索词,5.关键词库,595,compact_type_col6_top_asin_col25
kw_0595,nexpow jump starter,SP广告词,5.关键词库,596,compact_type_col6_top_asin_col25
kw_0596,diesel plus plus,自然搜索词,5.关键词库,597,compact_type_col6_top_asin_col25
kw_0598,norco battery charger,自然搜索词,5.关键词库,599,compact_type_col6_top_asin_col25
kw_0602,gb150,自然搜索词,5.关键词库,603,compact_type_col6_top_asin_col25
kw_0602,gb150,品牌广告词,5.关键词库,603,compact_type_col6_top_asin_col25
kw_0602,gb150,视频广告词,5.关键词库,603,compact_type_col6_top_asin_col25
kw_0602,gb150,SP广告词,5.关键词库,603,compact_type_col6_top_asin_col25
kw_0603,ryobi battery and charger,视频广告词,5.关键词库,604,compact_type_col6_top_asin_col25
kw_0604,car battery charger and tire inflator,品牌广告词,5.关键词库,605,rich_top_asin_col33
kw_0606,vehicle emergency kit,品牌广告词,5.关键词库,607,compact_type_col6_top_asin_col25
kw_0606,vehicle emergency kit,SP广告词,5.关键词库,607,compact_type_col6_top_asin_col25
kw_0607,living in car essentials,HR推荐词,5.关键词库,608,compact_type_col6_top_asin_col25
kw_0607,living in car essentials,SP广告词,5.关键词库,608,compact_type_col6_top_asin_col25
kw_0608,tire step for truck,自然搜索词,5.关键词库,609,compact_type_col6_top_asin_col25
kw_0609,gooloo gp2000,自然搜索词,5.关键词库,610,compact_type_col6_top_asin_col25
kw_0611,0 gauge jumper cables,自然搜索词,5.关键词库,612,compact_type_col6_top_asin_col25
kw_0612,sunpow jump starter,自然搜索词,5.关键词库,613,compact_type_col6_top_asin_col25
kw_0613,sunpow,品牌广告词,5.关键词库,614,compact_type_col6_top_asin_col25
kw_0615,exercise jump box,视频广告词,5.关键词库,616,compact_type_col6_top_asin_col25
kw_0617,noco boost sport,自然搜索词,5.关键词库,618,compact_type_col6_top_asin_col25
kw_0617,noco boost sport,品牌广告词,5.关键词库,618,compact_type_col6_top_asin_col25
kw_0617,noco boost sport,视频广告词,5.关键词库,618,compact_type_col6_top_asin_col25
kw_0618,noco boost plus gb40 1000a,自然搜索词,5.关键词库,619,compact_type_col6_top_asin_col25
kw_0618,noco boost plus gb40 1000a,品牌广告词,5.关键词库,619,compact_type_col6_top_asin_col25
kw_0618,noco boost plus gb40 1000a,视频广告词,5.关键词库,619,compact_type_col6_top_asin_col25
kw_0619,jumper car,自然搜索词,5.关键词库,620,compact_type_col6_top_asin_col25
kw_0619,jumper car,品牌广告词,5.关键词库,620,compact_type_col6_top_asin_col25
kw_0619,jumper car,视频广告词,5.关键词库,620,compact_type_col6_top_asin_col25
kw_0620,db power,视频广告词,5.关键词库,621,compact_type_col6_top_asin_col25
kw_0621,antigravity batteries,SP广告词,5.关键词库,622,compact_type_col6_top_asin_col25
kw_0622,汽车配件,自然搜索词,5.关键词库,623,compact_type_col6_top_asin_col25
kw_0623,dewalt compressor,自然搜索词,5.关键词库,624,compact_type_col6_top_asin_col25
kw_0624,noco boost xl,自然搜索词,5.关键词库,625,compact_type_col6_top_asin_col25
kw_0624,noco boost xl,品牌广告词,5.关键词库,625,compact_type_col6_top_asin_col25
kw_0624,noco boost xl,视频广告词,5.关键词库,625,compact_type_col6_top_asin_col25
kw_0624,noco boost xl,SP广告词,5.关键词库,625,compact_type_col6_top_asin_col25
kw_0626,jumpers,品牌广告词,5.关键词库,627,compact_type_col6_top_asin_col25
kw_0626,jumpers,视频广告词,5.关键词库,627,compact_type_col6_top_asin_col25
kw_0626,jumpers,SP广告词,5.关键词库,627,compact_type_col6_top_asin_col25
kw_0628,lifepo4,SP广告词,5.关键词库,629,compact_type_col6_top_asin_col25
kw_0630,noco booster,自然搜索词,5.关键词库,631,compact_type_col6_top_asin_col25
kw_0630,noco booster,品牌广告词,5.关键词库,631,compact_type_col6_top_asin_col25
kw_0630,noco booster,视频广告词,5.关键词库,631,compact_type_col6_top_asin_col25
kw_0630,noco booster,SP广告词,5.关键词库,631,compact_type_col6_top_asin_col25
kw_0632,gel battery,SP广告词,5.关键词库,633,compact_type_col6_top_asin_col25
kw_0633,noco gbx55,自然搜索词,5.关键词库,634,compact_type_col6_top_asin_col25
kw_0635,gifts for new car owners,SP广告词,5.关键词库,636,compact_type_col6_top_asin_col25
kw_0638,truck battery,自然搜索词,5.关键词库,639,compact_type_col6_top_asin_col25
kw_0639,stanley battery charger,视频广告词,5.关键词库,640,compact_type_col6_top_asin_col25
kw_0640,noco jump starter case,自然搜索词,5.关键词库,641,compact_type_col6_top_asin_col25
kw_0640,noco jump starter case,品牌广告词,5.关键词库,641,compact_type_col6_top_asin_col25
kw_0641,lithium battery tender,SP广告词,5.关键词库,642,compact_type_col6_top_asin_col25
kw_0644,stanley fat max,SP广告词,5.关键词库,645,compact_type_col6_top_asin_col25
kw_0645,multi car charger adapter,品牌广告词,5.关键词库,646,compact_type_col6_top_asin_col25
kw_0646,hard card case,SP广告词,5.关键词库,647,compact_type_col6_top_asin_col25
kw_0648,noco boost gb70,自然搜索词,5.关键词库,649,compact_type_col6_top_asin_col25
kw_0648,noco boost gb70,品牌广告词,5.关键词库,649,compact_type_col6_top_asin_col25
kw_0648,noco boost gb70,视频广告词,5.关键词库,649,compact_type_col6_top_asin_col25
kw_0649,gearwrench set,SP广告词,5.关键词库,650,compact_type_col6_top_asin_col25
kw_0650,foam plyometric jump box,SP广告词,5.关键词库,651,compact_type_col6_top_asin_col25
kw_0651,car opener kit lockout,SP广告词,5.关键词库,652,compact_type_col6_top_asin_col25
kw_0652,auto tools,自然搜索词,5.关键词库,653,compact_type_col6_top_asin_col25
kw_0653,noco lithium battery charger,自然搜索词,5.关键词库,654,compact_type_col6_top_asin_col25
kw_0654,car jumper and air compressor,自然搜索词,5.关键词库,655,rich_top_asin_col33
kw_0655,12v battery box,SP广告词,5.关键词库,656,compact_type_col6_top_asin_col25
kw_0657,box jump box,视频广告词,5.关键词库,658,compact_type_col6_top_asin_col25
kw_0659,interstate batteries,SP广告词,5.关键词库,660,compact_type_col6_top_asin_col25
kw_0662,lithium batteries 12v,SP广告词,5.关键词库,663,compact_type_col6_top_asin_col25
kw_0664,dewalt car battery charger,品牌广告词,5.关键词库,665,compact_type_col6_top_asin_col25
kw_0664,dewalt car battery charger,SP广告词,5.关键词库,665,compact_type_col6_top_asin_col25
kw_0666,emergency kit car,SP广告词,5.关键词库,667,compact_type_col6_top_asin_col25
kw_0667,dewalt jump pack,自然搜索词,5.关键词库,668,compact_type_col6_top_asin_col25
kw_0668,battery jump starter with air compressor,自然搜索词,5.关键词库,669,rich_top_asin_col33
kw_0668,battery jump starter with air compressor,视频广告词,5.关键词库,669,rich_top_asin_col33
kw_0675,avapow 6000a,自然搜索词,5.关键词库,676,compact_type_col6_top_asin_col25
kw_0675,avapow 6000a,视频广告词,5.关键词库,676,compact_type_col6_top_asin_col25
kw_0677,portable,自然搜索词,5.关键词库,678,compact_type_col6_top_asin_col25
kw_0678,noco gbx,自然搜索词,5.关键词库,679,compact_type_col6_top_asin_col25
kw_0681,ajj,SP广告词,5.关键词库,682,compact_type_col6_top_asin_col25
kw_0682,diesel engine,自然搜索词,5.关键词库,683,compact_type_col6_top_asin_col25
kw_0683,jumper box with air compressor,视频广告词,5.关键词库,684,rich_top_asin_col33
kw_0684,auto emergency kits for vehicles,自然搜索词,5.关键词库,685,compact_type_col6_top_asin_col25
kw_0684,auto emergency kits for vehicles,品牌广告词,5.关键词库,685,compact_type_col6_top_asin_col25
kw_0684,auto emergency kits for vehicles,视频广告词,5.关键词库,685,compact_type_col6_top_asin_col25
kw_0685,vector,SP广告词,5.关键词库,686,compact_type_col6_top_asin_col25
kw_0689,power converter,SP广告词,5.关键词库,690,compact_type_col6_top_asin_col25
kw_0690,small battery box,自然搜索词,5.关键词库,691,compact_type_col6_top_asin_col25
kw_0691,noco gb70 case,品牌广告词,5.关键词库,692,compact_type_col6_top_asin_col25
kw_0694,dewalt battery jumper,自然搜索词,5.关键词库,695,compact_type_col6_top_asin_col25
kw_0696,96r car battery,视频广告词,5.关键词库,697,compact_type_col6_top_asin_col25
kw_0698,nexpow 1500a jump starter,自然搜索词,5.关键词库,699,compact_type_col6_top_asin_col25
kw_0698,nexpow 1500a jump starter,SP广告词,5.关键词库,699,compact_type_col6_top_asin_col25
kw_0700,avapow 2000a car battery jump starter,自然搜索词,5.关键词库,701,compact_type_col6_top_asin_col25
kw_0702,noco gb20 jump starter,自然搜索词,5.关键词库,703,compact_type_col6_top_asin_col25
kw_0702,noco gb20 jump starter,品牌广告词,5.关键词库,703,compact_type_col6_top_asin_col25
kw_0702,noco gb20 jump starter,视频广告词,5.关键词库,703,compact_type_col6_top_asin_col25
kw_0703,car jumper starter portable with air compressor,自然搜索词,5.关键词库,704,rich_top_asin_col33
kw_0707,jump pack with air compressor,SP广告词,5.关键词库,708,rich_top_asin_col33
kw_0711,dewalt inverter,SP广告词,5.关键词库,712,compact_type_col6_top_asin_col25
kw_0712,tire inflator jump starter,品牌广告词,5.关键词库,713,rich_top_asin_col33
kw_0712,tire inflator jump starter,视频广告词,5.关键词库,713,rich_top_asin_col33
kw_0713,4 gauge jumper cables,品牌广告词,5.关键词库,714,compact_type_col6_top_asin_col25
kw_0713,4 gauge jumper cables,视频广告词,5.关键词库,714,compact_type_col6_top_asin_col25
kw_0715,automobile battery charger,自然搜索词,5.关键词库,716,compact_type_col6_top_asin_col25
kw_0717,gbx155 noco boost 4250a,自然搜索词,5.关键词库,718,compact_type_col6_top_asin_col25
kw_0719,plyo box jump,视频广告词,5.关键词库,720,compact_type_col6_top_asin_col25
kw_0722,exercise box jump,视频广告词,5.关键词库,723,compact_type_col6_top_asin_col25
kw_0723,battery clamp,SP广告词,5.关键词库,724,compact_type_col6_top_asin_col25
kw_0724,51r car battery,自然搜索词,5.关键词库,725,compact_type_col6_top_asin_col25
kw_0728,portable jump starter with air compressor,SP广告词,5.关键词库,729,rich_top_asin_col33
kw_0729,cen-tech,视频广告词,5.关键词库,730,compact_type_col6_top_asin_col25
kw_0731,cables para pasar corriente a carros,自然搜索词,5.关键词库,732,compact_type_col6_top_asin_col25
kw_0733,solar trickle charger for car battery,SP广告词,5.关键词库,734,compact_type_col6_top_asin_col25
kw_0737,pickup truck accessories,SP广告词,5.关键词库,738,compact_type_col6_top_asin_col25
kw_0738,lithium 12v battery,SP广告词,5.关键词库,739,compact_type_col6_top_asin_col25
kw_0739,ev car charger,SP广告词,5.关键词库,740,compact_type_col6_top_asin_col25
kw_0741,cop car accessories,SP广告词,5.关键词库,742,compact_type_col6_top_asin_col25
kw_0742,yesper,自然搜索词,5.关键词库,743,compact_type_col6_top_asin_col25
kw_0745,test boost max for men v shred,品牌广告词,5.关键词库,746,compact_type_col6_top_asin_col25
kw_0745,test boost max for men v shred,视频广告词,5.关键词库,746,compact_type_col6_top_asin_col25
kw_0746,jump packs,自然搜索词,5.关键词库,747,compact_type_col6_top_asin_col25
kw_0746,jump packs,品牌广告词,5.关键词库,747,compact_type_col6_top_asin_col25
kw_0746,jump packs,视频广告词,5.关键词库,747,compact_type_col6_top_asin_col25
kw_0746,jump packs,SP广告词,5.关键词库,747,compact_type_col6_top_asin_col25
kw_0747,noco battery,自然搜索词,5.关键词库,748,compact_type_col6_top_asin_col25
kw_0747,noco battery,视频广告词,5.关键词库,748,compact_type_col6_top_asin_col25
kw_0747,noco battery,SP广告词,5.关键词库,748,compact_type_col6_top_asin_col25
kw_0748,dewalt battery air compressor,自然搜索词,5.关键词库,749,compact_type_col6_top_asin_col25
kw_0750,off roading,SP广告词,5.关键词库,751,compact_type_col6_top_asin_col25
kw_0751,compresor de aire dewalt,自然搜索词,5.关键词库,752,compact_type_col6_top_asin_col25
kw_0752,500w inverter,SP广告词,5.关键词库,753,compact_type_col6_top_asin_col25
kw_0753,vtoman,视频广告词,5.关键词库,754,compact_type_col6_top_asin_col25
kw_0755,portable jack for car,自然搜索词,5.关键词库,756,compact_type_col6_top_asin_col25
kw_0757,clore automotive jnc325,自然搜索词,5.关键词库,758,compact_type_col6_top_asin_col25
kw_0760,7-up,自然搜索词,5.关键词库,761,compact_type_col6_top_asin_col25
kw_0761,electric jack for car,自然搜索词,5.关键词库,762,compact_type_col6_top_asin_col25
kw_0762,noco 5,自然搜索词,5.关键词库,763,compact_type_col6_top_asin_col25
kw_0763,gooloo gt4000,自然搜索词,5.关键词库,764,compact_type_col6_top_asin_col25
kw_0763,gooloo gt4000,品牌广告词,5.关键词库,764,compact_type_col6_top_asin_col25
kw_0764,high jump,自然搜索词,5.关键词库,765,compact_type_col6_top_asin_col25
kw_0765,noco gb150 charging cord,自然搜索词,5.关键词库,766,compact_type_col6_top_asin_col25
kw_0765,noco gb150 charging cord,品牌广告词,5.关键词库,766,compact_type_col6_top_asin_col25
kw_0765,noco gb150 charging cord,视频广告词,5.关键词库,766,compact_type_col6_top_asin_col25
kw_0767,german shepherd,SP广告词,5.关键词库,768,compact_type_col6_top_asin_col25
kw_0769,asperx jump starter,自然搜索词,5.关键词库,770,compact_type_col6_top_asin_col25
kw_0769,asperx jump starter,视频广告词,5.关键词库,770,compact_type_col6_top_asin_col25
kw_0771,air compressor pump,自然搜索词,5.关键词库,772,compact_type_col6_top_asin_col25
kw_0772,things for cars,SP广告词,5.关键词库,773,compact_type_col6_top_asin_col25
kw_0773,plyobox jump box,视频广告词,5.关键词库,774,compact_type_col6_top_asin_col25
kw_0775,oem,SP广告词,5.关键词库,776,compact_type_col6_top_asin_col25
kw_0776,diesel tools,HR推荐词,5.关键词库,777,compact_type_col6_top_asin_col25
kw_0777,auto battery,品牌广告词,5.关键词库,778,compact_type_col6_top_asin_col25
kw_0779,noco on board battery charger,自然搜索词,5.关键词库,780,compact_type_col6_top_asin_col25
kw_0780,jumper king,自然搜索词,5.关键词库,781,compact_type_col6_top_asin_col25
kw_0782,motor de arranque,品牌广告词,5.关键词库,783,compact_type_col6_top_asin_col25
kw_0782,motor de arranque,视频广告词,5.关键词库,783,compact_type_col6_top_asin_col25
kw_0782,motor de arranque,SP广告词,5.关键词库,783,compact_type_col6_top_asin_col25
kw_0783,upbright 12v ac/dc adapter,视频广告词,5.关键词库,784,compact_type_col6_top_asin_col25
kw_0784,dewalt battery jump starter,自然搜索词,5.关键词库,785,compact_type_col6_top_asin_col25
kw_0786,battery box power station,自然搜索词,5.关键词库,787,compact_type_col6_top_asin_col25
kw_0789,battery charger noco,自然搜索词,5.关键词库,790,compact_type_col6_top_asin_col25
kw_0790,cargador de batería,自然搜索词,5.关键词库,791,compact_type_col6_top_asin_col25
kw_0791,rotulas delanteras,SP广告词,5.关键词库,792,compact_type_col6_top_asin_col25
kw_0792,nova booster pack,自然搜索词,5.关键词库,793,compact_type_col6_top_asin_col25
kw_0793,car gadget,SP广告词,5.关键词库,794,compact_type_col6_top_asin_col25
kw_0794,battery memory saver automotive 12v,自然搜索词,5.关键词库,795,compact_type_col6_top_asin_col25
kw_0795,cargador de bateria de carro,自然搜索词,5.关键词库,796,compact_type_col6_top_asin_col25
kw_0797,cat battery charger,自然搜索词,5.关键词库,798,compact_type_col6_top_asin_col25
kw_0798,car batteries,自然搜索词,5.关键词库,799,compact_type_col6_top_asin_col25
kw_0800,avett,视频广告词,5.关键词库,801,compact_type_col6_top_asin_col25
kw_0801,hompow,自然搜索词,5.关键词库,802,compact_type_col6_top_asin_col25
