source_row,图片,ASIN,近30天销售额($),主图1,展示卖点,主图2,展示卖点_2,主图3,展示卖点_3,主图4,展示卖点_4,主图5,展示卖点_5,主图6,展示卖点_6,主图7,展示卖点_7,主图8,展示卖点_8,主图9,展示卖点_9,A+1,展示卖点_10,A+2,展示卖点_11,A+3,展示卖点_12,A+4,展示卖点_13,A+5,展示卖点_14,A+6,展示卖点_15,A+7,展示卖点_16,A+8,展示卖点_17,A+9,展示卖点_18,A+10,展示卖点_19,A+11,展示卖点_20,A+12,展示卖点_21,A+13,A+14,unnamed_48,unnamed_49
2,"'=DISPIMG(""ID_B28BEB576B254F45B67EB52415023608"",1)",B0CGJ5GZWM,,"'=DISPIMG(""ID_B28BEB576B254F45B67EB52415023608"",1)","主：外观
次：配件","'=DISPIMG(""ID_13D9CA6DCBAE49AF8EE9B5CA35D6F117"",1)",主：LED的灯,"'=DISPIMG(""ID_BB26BA0D9B9B4E9196C10A1419663C11"",1)","主：电压高 3000A
次：启动快
汽车 10L ；
柴油车10L；","'=DISPIMG(""ID_E40C5ABEDFE54817AB5A81365BBDFC4B"",1)","主：气压大 150PSI
次：多气压单位","'=DISPIMG(""ID_54019F54E5D542469FEFFF577D7A0B99"",1)","主：做充电宝
次：多种充电口","'=DISPIMG(""ID_6796CD0A42434A2FA9A31B3C422EBDBE"",1)","主：大屏
次：气压监测
屏幕内容","'=DISPIMG(""ID_13D9CA6DCBAE49AF8EE9B5CA35D6F117"",1)",主：LED灯,,,,,"'=DISPIMG(""ID_9C8E05A2ED3D440F9611FAF397EE5A41"",1)","主：
电流大 3000A
次：
气压大 150PSI
电容大 81Wh
亮度大 流明高 300lumen","'=DISPIMG(""ID_27B214E36C7D450E8A0867DBD724AA79"",1)","主：
汽车启动适配多
1.5L 2.5L 3.5L 5.5L 7.5L 9L
次：
电流大 3000A
电伏大 12V
汽车启动大 9L
柴油车启动大 8L
自助性强 0帮助","'=DISPIMG(""ID_ECC4205A1AB443C696850E8D45E87E46"",1)","主：
做充电宝
次：
输出大1: 5V/2.4A
输出大2: 5V/2.4A,9V/2A,12V/1.5A
输入大: 5V/2A,9V/2A,
DC大：12V-16.8V/10A","'=DISPIMG(""ID_7772B8F80623480FBD1F9CBF64211EEB"",1)","主：
气压大 150PSI
次：
适用4种设备模式
汽车 摩托车 自行车 球类","'=DISPIMG(""ID_4B27EDD8F1704652A2DBC3CB5D3CF208"",1)","主：
操作便捷 3步
次：
操作流程","'=DISPIMG(""ID_8A447EABF3F24064A038BFF1F3CF29C0"",1)","主：
快速启动
次：
气压大 150PSI
做充电宝 电容大
照明时间久
安全性高 10项安全措施
LED屏幕
24小时售后",,,,,,,,,,,,,,,,
3,"'=DISPIMG(""ID_4702278D505844FE95A2BBD41BAF5411"",1)",B0BBG7RZTN,,"'=DISPIMG(""ID_BBD05E5A71144333A58661133F0D9C5D"",1)","主：外观
次：配件","'=DISPIMG(""ID_E4286BEE123B490B968F03963BB34B98"",1)","主：启动快 电流大4250A
次：电压大 12V ；
汽车 10L ；
柴油车10L；
70s启动；
待机久 24个月","'=DISPIMG(""ID_D136AD4EF408446F98730DE8227CF8CB"",1)","主：气压大 160PSI
次：多气压单位 3种气压单位 PSI BAR KPA","'=DISPIMG(""ID_82F0FB929765489F93B523721C664411"",1)","主：大屏
次：气压监测
屏幕内容","'=DISPIMG(""ID_1F971DBF53A847078BA4B3C40AD5A966"",1)","主：散热好
次：提高安全性 30%；延长寿命 50%","'=DISPIMG(""ID_E0B92217AA634D9BB9CC6FEFED00FA7C"",1)","主：质量好
次：电池循环次数多 1000+
寿命长 5年
温度低 10°
适用温度范围大 -4°---140°","'=DISPIMG(""ID_E46FB47D5C2F404FBB2A37EB8C59F350"",1)","主：做充电宝 充电次数多
次：可自充电",,,,,"'=DISPIMG(""ID_E6045C89F1054CD784CC2E0ECA87F7F9"",1)",,"'=DISPIMG(""ID_7EF27EC92E7E466D8AAF9222DB1A87B5"",1)","主：
启动快
次：
电流大 4250A
气压大 160PSI","'=DISPIMG(""ID_4535057849F849BC856E865752304197"",1)","主：
汽车启动适配多
2L 3.5L 5.5L 7.5L 10L
次：
电流大 4250A
电伏大 12V
汽车 10L
柴油车 10L
启动快 70S","'=DISPIMG(""ID_8F619611D2A94861B16640C9782CF2AF"",1)","主：
屏幕大","'=DISPIMG(""ID_A7AE46DCCB574001B656E6F18BDC7320"",1)","主：
气压大 160PSI
次：
3种气压单位
充气快 0-20PSI/2分钟","'=DISPIMG(""ID_0DC18B3D4410458B8F49DFF3A45DC219"",1)","主：
充气快 2分钟充满
次：
45L/分钟","'=DISPIMG(""ID_970CC1F876DA4566AD6212675CDC0BB9"",1)","主：
安全性高
次：
10种安全措施","'=DISPIMG(""ID_AE8BC290F6E04D41AF4795D9E8CCCF53"",1)","主：
待机时间久 24个月","'=DISPIMG(""ID_6AE2CEEA42474A639150B94C3AFF9DF8"",1)","主：
做充电宝","'=DISPIMG(""ID_B18B61FA3A47465DA213E02068ADBF16"",1)","主：
操作便捷
次：
充气流程
启动流程","'=DISPIMG(""ID_81D1ECCF1FBE40339C96AD222E8DB77B"",1)",主：使用温度区间大,"'=DISPIMG(""ID_C1EF2FADCF694A10ADD509402391A61C"",1)","主：LED灯 亮度大 400Lumen
次：
3种亮灯方式 常亮 闪光 SOS
2种色温 白色 红色","'=DISPIMG(""ID_EBDD6E873CFA496F8D863C8E781FDBE8"",1)","主：LED灯 亮度大 400Lumen
次：红色灯光 做警示灯","'=DISPIMG(""ID_C8D9BC8A7DE9421687D33E30FA5349F9"",1)",主：配件多 全家福
4,"'=DISPIMG(""ID_D031F18198E34507AD4063F3A91EDB1F"",1)",B093JZPGW6,,"'=DISPIMG(""ID_FC94B279BA2C4210BC86307D313F6916"",1)","主：外观
次：配件","'=DISPIMG(""ID_0E246DA787D047268932F2CD0581116A"",1)","主：外观好看 扁平设计
次：启动快 30S
电流大 1500A
电伏高 12V
汽车 7L ；
柴油车4.5L；","'=DISPIMG(""ID_9789B4E67D794753B1F0D4308309E1ED"",1)","主：充气快
次：气压阈值区间大 10-150PSI
不同尺寸轮胎的充气时间","'=DISPIMG(""ID_B784CE3C02824023B7B19860C196B3BE"",1)",主：智能安全夹子,"'=DISPIMG(""ID_601CCB048E7F450D9F4F671181DEEF70"",1)",主：做充电宝 充电次数多,"'=DISPIMG(""ID_2FE800FBC680482F908ECB23AE7D6EFA"",1)","主：LED灯 高亮度 300流明
次：三种亮灯模式 常亮 爆闪 SOS","'=DISPIMG(""ID_9C07A2FF6E5B4927853C9815F88738DD"",1)",主：安全系数高 电池管理系统好,"'=DISPIMG(""ID_E61D46848FBA48B190782593E0E63613"",1)",主：配件多,"'=DISPIMG(""ID_0B777D8D307C4A298F9197E76C25DAD3"",1)",主：外观,"'=DISPIMG(""ID_99D0E7164BB44785B1348CFCEF07B357"",1)","主：四合一
次：
电流大 1500A
气压大 150PSI
电容大 45Wh
亮度大 300LUMEN","'=DISPIMG(""ID_D0150C43C5EA4CAFA83ACE08B0420E2A"",1)","主：
电压大 12V
启动快 30S
汽车启动大 7L
柴油车启动大 4.5L","'=DISPIMG(""ID_BD228A85757648E6A9756E97ACC80393"",1)","主：
配件多 3种气嘴
次：
充气效率高：35L/分钟
充气多：1个10KG轮胎或4-6个普通轮胎","'=DISPIMG(""ID_4AB8231CBCDC4ED58D2BEB3BC241C0BD"",1)","主：
操作面板简约
次：
面板内容展示","'=DISPIMG(""ID_D9CBDEE5546C449886BBF4FFB4528A24"",1)","主：
质量好
次：
爆炸图","'=DISPIMG(""ID_18D24B7D15BF4C4A99F338B29D7AF11E"",1)","主：
待机时间久 30个月

次：
自放电功率低 0.895wh","'=DISPIMG(""ID_88A9D7AEADC2435080D40A568CD686C9"",1)","主：
LED灯 亮度大 300lumen
次：
照明时间久 18小时
3种亮灯模式 常量 闪光 SOS","'=DISPIMG(""ID_57777B92083F4BC19E53DB2F6C738F8F"",1)","主
外壳质量好
次：
通风格栅
高密度材料
耐热耐寒
不易纤维化。","'=DISPIMG(""ID_73870E1A298C46E69FF2AB8B0AB64AC5"",1)","主：
夹子安全性高
次：
安全智能
0火花
IP63防水
94VO阻燃
-4'F/122F工作温度","'=DISPIMG(""ID_7CB1093508CF4241A5DCFEBC0EAE1CE3"",1)","主：
防滑性高
次：
4个脚垫
降低30%震动摩擦","'=DISPIMG(""ID_A9F40DD5454E474BA7CE0297C89EB2EE"",1)","主：
散热好 3倍散热
次：
充气时间增加25%
寿命增加200%",,,,,,
5,"'=DISPIMG(""ID_97F2916D09984B2E94AD8923B95FE108"",1)",B0BG2LDTM6,,"'=DISPIMG(""ID_E366ED29D032478FA3D87BB78A581E90"",1)","主：外观
次：配件","'=DISPIMG(""ID_6CF942EC727F4F78B9A0DE7570ADCAF5"",1)","主:启动快
次：电流大 2500A
汽车 8.5L
自助性强：0","'=DISPIMG(""ID_28F8267FAA054CD59B7F4E718E108BFE"",1)","主：充气快
次：气压大 MAX 150PSI","'=DISPIMG(""ID_381CC4D537CB4B6EA2D94C06BC960108"",1)","主：可做充电宝
次：多种充电口","'=DISPIMG(""ID_13272F5C150145038D6C74CE2210F67E"",1)","主：LED灯
次：三种亮灯模式 常亮 爆闪 SOS",,,,,,,,,"'=DISPIMG(""ID_DB90458B4DA94E2C885941B3FFEE4EDF"",1)","主：
充气启动二合一
次：
汽车启动 8.5L
气压大 150PSI
电容大 74Wh
LED灯亮度大 250LUMEN","'=DISPIMG(""ID_11FB5A6480134B289532EDE29E6DEACC"",1)","主：
多种充气模式 3种充气模式
汽车/摩托车/自行车/球类/泳圈
次：
多种气压单位 3种气压单位
BAR KPA PSI","'=DISPIMG(""ID_8473F9335DA54AA1ADD411C6510DBC81"",1)","主：
做充电宝
次：
适用多种数码产品","'=DISPIMG(""ID_640990E79016463896FB49206A198813"",1)","主：
安全性高
次：
无火花无损伤
自动检测电池连接","'=DISPIMG(""ID_386D417143794BFB8910304300897669"",1)","主：
人体工程学外观设计
次：
数码屏幕
金属质感
操作简单
易于抓握","'=DISPIMG(""ID_6869DECF6D1645EC8E8FB667D25F63FC"",1)","主：
操作便捷
次：
4步操作","'=DISPIMG(""ID_9F2833334991477AB4EDB0E0A86B83E9"",1)","主：外观
次：
无电源线
倍数功率
亮灯时间久 48h
快速启动
LCD数码屏幕
安全芯片",,,,,,,,,,,,,,
6,"'=DISPIMG(""ID_32907D8279894F59962E95EB46BDE7F6"",1)",B0CJJWJG6S,,"'=DISPIMG(""ID_32907D8279894F59962E95EB46BDE7F6"",1)","主：外观
次：配件","'=DISPIMG(""ID_544D311DDC9244709F8610BE9C1C3358"",1)","主：智能芯片 不分正负极不短路
次：电流大 2500A
汽车 8.5L
柴油车 7L","'=DISPIMG(""ID_E07FA6CF4A0E4A659E9EC08571ADF7E9"",1)",主：便携,"'=DISPIMG(""ID_2314E969847646E695E9099FD7B001A1"",1)","主：气压大 150PSI
次：多气压模式 适合多种产品","'=DISPIMG(""ID_C4924C5689014D15A61B372BBA518676"",1)",主：气压监测,"'=DISPIMG(""ID_6EA635838EA94D3B9B4031B97324221F"",1)","主：LED灯
次：三种亮灯模式 常亮 爆闪 SOS","'=DISPIMG(""ID_CF9CCF1CA26F432AB1699EEBBBDBD333"",1)","主：做充电宝
次：充电快",,,,,"'=DISPIMG(""ID_6F5FC44AFCA343DCB4AD63EA6AC1B4CF"",1)","主：
充满自停
次：
充气快
适用充气产品多","'=DISPIMG(""ID_7DA551E933314268AB515EBCFFDF0C5A"",1)","主：做充电宝
次：
功率大 18W
适用充电设备多，数码产品","'=DISPIMG(""ID_20DE9C77F92D4E73BE877A07EF32B4D2"",1)","主：
LED灯
次：
多种亮灯模式 3种 常亮 闪光 SOS","'=DISPIMG(""ID_01319EFDFB1A4303BECE64D50F406B3C"",1)","主：工作温度阈值区间大
次：
-45/85°华氏度","'=DISPIMG(""ID_F964E79CCBAC4C8B86C35361433E40A2"",1)",主：充满自停,"'=DISPIMG(""ID_6D0029CB63AD4DF7B079E8743FB4FC49"",1)","主：启动快
次：0电压","'=DISPIMG(""ID_3D8BCC5EF598438E864178FC6570F17F"",1)","主：安全性高
次：8大安全模式","'=DISPIMG(""ID_CE0661EB86844FF98A4DB1C5EEA6112E"",1)","主：操作便捷
次：4步操作",,,,,,,,,,,,
7,"'=DISPIMG(""ID_6116E2DF583742E0BDB5DA517281879D"",1)",B0CQJYXQL8,,"'=DISPIMG(""ID_6116E2DF583742E0BDB5DA517281879D"",1)","主：外观
次：配件","'=DISPIMG(""ID_36685026BDEC4CB88FA10AD06A36B652"",1)","主：适合汽车型号多 适配所有12V电压的汽车
次：电流大5000A
所有汽车
柴油车 10L
启动快 60S","'=DISPIMG(""ID_7A0E1DD68BCB4DF59E13595B78BE7FEF"",1)","主：电容大 99Wh
次：多种充电口
适用充电设备多","'=DISPIMG(""ID_72A6830D6A654CB1AB3FBD4FF632012F"",1)","主：大屏
次：
屏幕内容
气压监测
异常监测","'=DISPIMG(""ID_CC39A329B3084E00AFEEBAB39E70BEEF"",1)","主：LED灯 高亮度 400流明
次：三种亮灯模式 常亮 爆闪 SOS","'=DISPIMG(""ID_56E53FB214304700B5967FB6E13368B7"",1)","主：气压大 150PSI
次：
无电源线
精准胎压监测
适用充气设备多","'=DISPIMG(""ID_8BC4A52176CB4C8C9FE8DF95D52A1A0E"",1)","主：多种充电口
次：按键分布简约","'=DISPIMG(""ID_7313199C15B94A1D8DB91D45DE27BBD0"",1)",主：操作简单,,,"'=DISPIMG(""ID_E495B1E3A5A648009D28979C939184C9"",1)","主：电流大 5000A
次：
电容大 99Wh
LED灯亮度大 400LUMEN
启动汽车多
1.5L 2.5L 5.5L 6.5L 10L","'=DISPIMG(""ID_65FC074BE8874E4AA3A5B0557193AF32"",1)","主：工作温度阈值区间大
次：-4F/20℃至140F/60℃℃","'=DISPIMG(""ID_D2C51E98BCE545C19C91B2BA58FD27A4"",1)","主：安全性高
次：10种安全方式","'=DISPIMG(""ID_7A5B8617680A4C4793E9F83BFD262130"",1)","主：LED灯
次：3种照明方式
常亮 闪光 SOS","'=DISPIMG(""ID_D039BD4B662A4E368D33E2227AC1D0D8"",1)","主：做充电宝
次：
电容大 99Wh
多个输出充电口 3个口
USB 1 (5V 3.1A)
USB 2 (5V 3.1A)
Type-c in /out (5V 3A)","'=DISPIMG(""ID_3655F7D58840424A9B9F4AC1433C7D32"",1)","主：操作便捷
次：充气/启动操作详细步骤","'=DISPIMG(""ID_6880D09EEDCC403DA072BB99479D0EE5"",1)",主：配件多,,,,,,,,,,,,,,
8,"'=DISPIMG(""ID_3483F627F1B7470D845DD84C435CFB1B"",1)",B0CKXCPRWX,,"'=DISPIMG(""ID_3483F627F1B7470D845DD84C435CFB1B"",1)","主：外观
次：配件","'=DISPIMG(""ID_DF9FB3E1DA9240B59EB8929F9478CD6C"",1)","主：启动快 电流大2500A
次：电压大 12V ；
汽车 8L ；
柴油车6.5L；
35s启动；
待机久 24个月","'=DISPIMG(""ID_63D1F24D27C545E6B58B83EC916339E0"",1)","主：充气快
次：气压监测
无电源线
气压大 150PSI
不同轮胎型号 不同充满时间","'=DISPIMG(""ID_F5B775D660B74EAD8B8A2FC4C13924D4"",1)",主：安全系数高 电池管理系统好,"'=DISPIMG(""ID_78AFC18B5D8D4036960538BEE6D62E57"",1)","主：做充电宝
次：电容大 51.8Wh","'=DISPIMG(""ID_D6F5E8FDAA54486FB8606A17CE5CE251"",1)",主：配件多,"'=DISPIMG(""ID_E96EC09B18AC4AD1B94A32D780287CCD"",1)",主：按键接口分布好,,,,,"'=DISPIMG(""ID_2706CE1C6DA44D76A95DEF5E9A2122D7"",1)","主：
充气启动二合一
次：
电压大：12V
汽车启动 8L
柴油车启动6.5L
启动汽车设备多
1L 1.5L 3L 4L 6.5L 7.5L 8L","'=DISPIMG(""ID_86A4A7E0F6F04950B5A851263FE47BA1"",1)","主：
适用充气设备多
次：
球类
汽车
摩托
自行车","'=DISPIMG(""ID_CEAC0C11042F4E4989E4C112D4B04A70"",1)",主：紧急救援,"'=DISPIMG(""ID_D9AA8785914D407681F847FC1D6D569D"",1)","主：LED灯
次：3种照明方式
常亮 闪光 SOS
多场景","'=DISPIMG(""ID_29C06AE0E59244B8AC1EEC8E1189873A"",1)","主：安全性高
次：10种安全方式","'=DISPIMG(""ID_14AB3953378E41EB87C6E5882112B598"",1)","主：
做充电宝
次：多个插口
USB-A 输出口 5V/2A,9V/2A
USB-C 输入口
5V/2.4A,9V/2A,12V/1.5A","'=DISPIMG(""ID_F07705C9D6FE4BE0A79F5C6F4B412267"",1)","主：启动操作便捷
次：
3步","'=DISPIMG(""ID_67FC8328CB644F4AA61623E0E36C8BB0"",1)","主：充气操作便捷
次：4步","'=DISPIMG(""ID_4FCAB6288A5C4524A92AFCF1B09233F2"",1)","主：配件多
次：全家福","'=DISPIMG(""ID_8EE13B10D1074CB98DFA435A727D4AD2"",1)",主：可做礼物,"'=DISPIMG(""ID_E4B7344BB93244E1ADB315C02A49693A"",1)",主：插口按钮排列规整好看,,,,,,
9,"'=DISPIMG(""ID_14ABF249E7D046F78676A2705D0BE7F9"",1)",B0CLRSMCB7,,"'=DISPIMG(""ID_14ABF249E7D046F78676A2705D0BE7F9"",1)","主：外观
次：配件","'=DISPIMG(""ID_81407A4E7085439C82431B3214FAB717"",1)","主：启动快 电流大4000A
次：电压大 12V ；
汽车 10L ；
柴油车8L；
70s启动；","'=DISPIMG(""ID_A2237E36E696409A965F545B76985CFB"",1)","主：充气快
次：气压大 150PSI
气压监测
适用多种充气模式设备
4种气压单位","'=DISPIMG(""ID_8D35196A0EE24611885E2210B5B0F711"",1)","主：做充电宝 充电快 QD3.0
次：多种充电口 适用多种充电设备","'=DISPIMG(""ID_C9B4CCEF2D4C40C385E508F8096818A5"",1)","主：安全系数高
次：正反极保护 不短路","'=DISPIMG(""ID_27D595AA3BF34B97BC031D32FE5582D0"",1)","主：LED灯 高亮度 500流明
次：三种亮灯模式 常亮 爆闪 SOS","'=DISPIMG(""ID_C3EB8E22071D4D359AFFF5C08C7B8971"",1)",主：配件多 全家福,,,,,"'=DISPIMG(""ID_7E74B94936B34EE2A57E3A9A2050E132"",1)","主：
充气启动二合一
次：
电流大：4000A
电压大：12V
汽车启动 10L
柴油车启动8L
启动快 80s","'=DISPIMG(""ID_C8A6C2B3878F43AFB292EC3494543A59"",1)","主：LED大屏 5.1英寸
次：
全面显示数据，电量工作状态","'=DISPIMG(""ID_DE38E82570C840648636ED698B79D4A0"",1)","主：
LED灯 高亮度 500LUMEN
次：
多种亮灯模式 3种 常亮 闪光 SOS","'=DISPIMG(""ID_BFC7675223274FBCB40ED9545F414769"",1)","主：按键插口布局好看
次:布局展示","'=DISPIMG(""ID_AFE21A50D4E047F5B0389472E54C94B6"",1)","主：做充电宝
次：
电容大 59.2Wh
多个输出充电口 2个USB-A口
QC3.0快速充电","'=DISPIMG(""ID_3BEE504AA4274FC99BE6A2DCFBD7C035"",1)","主：安全性高
次：
10种安全程序
人体工程学设计
无火花设计
夹子夹力强","'=DISPIMG(""ID_7BCD5A3D96464AAE813412B779B3D839"",1)",主：自主性高,"'=DISPIMG(""ID_6463506524D24E848438C302D32EB3F7"",1)","主：
适用工作温度阈值区间高
次：-4~140F","'=DISPIMG(""ID_79884B5282B14A7B8A9EFEAB1D8420FD"",1)","主：操作便捷
次：4步","'=DISPIMG(""ID_A17A932788B444EB83E3C10507E3F093"",1)","主：售后好
次：
24个月退换货
7-24小时客服",,,,,,,,
10,"'=DISPIMG(""ID_8AB9D94C85D3475193671B43DF0579F0"",1)",B09FJQ7F5R,,"'=DISPIMG(""ID_8AB9D94C85D3475193671B43DF0579F0"",1)","主：外观
次：配件","'=DISPIMG(""ID_8087A2B88924472F923612C88FEB97BD"",1)","主：适合汽车型号多 适配所有12V电压的汽车
次：电流大4500A
汽车 所有
柴油车 8L
启动快 40S","'=DISPIMG(""ID_B2C6F6BBA8A3494B80879607F6357184"",1)","主：充气快 3分钟充满
次：无电源线 便捷
大屏幕
胎压监测
白天可见","'=DISPIMG(""ID_A5AC82E162814FD4B3C1F8B5FF614779"",1)","主：做充电宝  电容大 26800mAh
次：多个充电口 同时充2个设备","'=DISPIMG(""ID_E5BE2D6A117A4A54B6E67F2D00DECFE1"",1)","主：功率大 MAX 160W DC口
次：适用12V电器","'=DISPIMG(""ID_A94A152438E04ADDBD86CD4F061E5D41"",1)",主：LED灯,,,,,,,"'=DISPIMG(""ID_E2B122C6134B4E409799130E8F8DD0A6"",1)","主：
充气启动二合一
次：
电压大：12V
充气快
LED灯
做充电宝
兼容性高
高清屏幕","'=DISPIMG(""ID_E84863E6E38C4B33AE8B3E08BBF093B0"",1)","主：启动快 充气快
次：
电流大：4500A
适用启动所有汽车
柴油车 8L
自助性高
操作便捷
充满自停
气压预置","'=DISPIMG(""ID_F275DDDE02AD460DBB90EB61A465D434"",1)","主：精准气压屏幕 高亮LED灯
次：
5种充气模式
4种气压单位
3个气嘴头
5W功率LED灯
4种亮灯模式
照亮区域大
亮度升级","'=DISPIMG(""ID_E9ED0D4CC2D744B9BD23E565BA252B58"",1)","主：质量好
次：
电容大 26800毫安
待机久 12个月
做充电宝
2个USB插口
功率大 160W DC /18W QC","'=DISPIMG(""ID_D2F0044FEC124D94AF48D965D0CC735C"",1)","主：适用充气设备多
次：
多气嘴
汽车 摩托 自行车 球类 游泳圈","'=DISPIMG(""ID_E99D02BF215E4EB7A0E778D45EB17ADA"",1)",主：散热好,"'=DISPIMG(""ID_3B45B1436F104F459FCD1DD30BEB1BB9"",1)",主：充气快,"'=DISPIMG(""ID_4DCA994C838F434A9FB737BCD8C33A97"",1)","主：操作简单
次：充满自停",,,,,,,,,,,,
11,"'=DISPIMG(""ID_08E0E3BAFD4347A59F63C073D160E911"",1)",B0B5ZY1TD8,,"'=DISPIMG(""ID_08E0E3BAFD4347A59F63C073D160E911"",1)","主：外观
次：配件","'=DISPIMG(""ID_CE4ECB149B5748C189CA287CD3ED8390"",1)","主：启动快 电流大2500A 电容高18000mAh
次：电压大 12V ；
汽车 8.5L ；
柴油车6L；
50s启动；
LED灯亮度高 400流明","'=DISPIMG(""ID_641A36CF533C4625A9CBDF02AF57FC01"",1)","主：胎压监测
次：无电源线
适用充气设备多
4种气压单位 PSI BAR KOA kg/cm2","'=DISPIMG(""ID_6D65298205A8489ABBDFE2D2AD18C327"",1)","主：安全系数高 电池管理系统好
次：质量好寿命久 5年
不伤害汽车电瓶
智能保护 8种方式
适用温度区间大 -4/140°","'=DISPIMG(""ID_19B1F331DD2144E7B6D79059493A8422"",1)","主：做充电宝 充电快 QDSP 5被快充
次：充电次数多 5次
多种充电口
启动温度低 降低50%","'=DISPIMG(""ID_2A7E1FC88CBA4D5F9471596F1AA6566B"",1)",主：做充电宝 充电次数多,"'=DISPIMG(""ID_FB0A5FD1B26849B1B97135D3473439F9"",1)","主：LED灯 亮灯时间久
次：三种亮灯模式 常亮 爆闪 SOS",,,,,"'=DISPIMG(""ID_9C445BFBBE404EBEA8C62193B79D7ADB"",1)","主：
充气启动二合一
次：
电流大：2500A
气压大：120PSI","'=DISPIMG(""ID_F167725DAA004D9394F79A23134AE8E9"",1)","主：电容大 66.66Wh 18000mAh
次：
功率大 DSQP
电流大 2500A
电伏大 12V
汽车启动 8.5L
柴油车启动 6L
启动时间快 50s
启动汽车设备多
1L 2L 4L 6L 8.5L","'=DISPIMG(""ID_C32F1FD166D6478E8CEF5901836D43FB"",1)","主：胎压检测 无电源线
次：
适用多种气压单位 4种 PSI BAR KPA Kg/cm²
适用多种充气设备 3种 泳圈 轮胎 球类","'=DISPIMG(""ID_A54D33547DFF4BAFB9D9D1955C28DF1E"",1)","主：
安全性高
次：
8种保护程序
1.过电流保护 2.超温保护 3.过充电保护 4.过放电保护 5.过电压保护 6.短路保护 7.反向极性保护 8.无火花保护 9.抗干扰保护 10.低温保护","'=DISPIMG(""ID_169CE5418A47440C86303D8BB99AAD49"",1)","主：做礼物
次：配件多","'=DISPIMG(""ID_CDFEE27171AD4654BB2E6806EDE39905"",1)","主：做充电宝
次：
三种照明方式 常亮 闪光 SOS
亮灯时间久 48小时
2个USB输出口
亮度高 400LUMEN
数码显示屏","'=DISPIMG(""ID_FD6FE97B1B994900B20976C987B5273A"",1)","主：操作便捷
次：
3步启动
3步充气",,,,,,,,,,,,,,
12,"'=DISPIMG(""ID_F0BDA948C5A94334BDD42035B36E8302"",1)",B0C7GSVPWW,,"'=DISPIMG(""ID_F0BDA948C5A94334BDD42035B36E8302"",1)","主：外观
次：配件","'=DISPIMG(""ID_07946E1E1A324C428C4E7223583AE1A7"",1)","主：适合汽车型号多 适配所有12V电压的汽车
次：电流大4000A
电压大 12V
汽车 所有
柴油车 10L
启动快 60S","'=DISPIMG(""ID_2E9A40C297784BDFA2AFF22863743441"",1)","主：充气快
次：气压大 150PSI
液晶大屏
适用多种充气模式设备
多种气压单位 3种 KPA BAR PSI","'=DISPIMG(""ID_E078813B60334A5DA2527AA3CB640139"",1)",主：强制启动功能,"'=DISPIMG(""ID_8264AD742B6C4FE4B7C797AD7FA42459"",1)","主：做充电宝 充电快 PD60W
次：
多种充电口 可同时充电多个设备
3个口
USB-A QC 18W
Type-c PD 60W
DC口 12V 10A","'=DISPIMG(""ID_504A77422C354043BCD4898B4F679E79"",1)","主：LED灯 高亮度 800流明
次：三种亮灯模式 常亮 爆闪 SOS","'=DISPIMG(""ID_4B54EC7D9F5147FBBFA255EC126036C2"",1)",主：配件多 全家福,,,,,"'=DISPIMG(""ID_103A531DF0A44F33A20D3028F2057731"",1)","主：
充气启动二合一
次：
电流大：4000A
气压大：150PSI","'=DISPIMG(""ID_4D15B476FC5245B7935B2FB5810FAA9A"",1)","主：无电源线
次：适用多种充气设备产品
球类 轮胎 游泳圈","'=DISPIMG(""ID_8321C87A46634286B0BE51AD3C04E925"",1)","主：
做充电宝
次：
多个输出口
USB OUT 0C3.0118W MAXI
输出大2: 5V/2.4A,9V/2A,12V/1.5A
输入大: 5V/2A,9V/2A,
DC大：12V-16.8V/10A
TYPE-C IN/OUT(PDGOW MAX)","'=DISPIMG(""ID_39186EF14A5842429EE8CD3EBDA1CA93"",1)","主：可快速充电
次：
最大PD 60W
2小时充电时间","'=DISPIMG(""ID_4B412642D6EC42B7AC3E97A026ADD3BC"",1)","主：LED灯
次：多种照明方式
常亮 闪光 SOS","'=DISPIMG(""ID_40A998F4B85F4D2D8FAC248B175039EB"",1)",主：LED屏幕,"'=DISPIMG(""ID_C38C8DCF6F1F452CAE4EE61B9E060378"",1)","主：安全性高
次：6大安全模式
1.过电流保护 2.超温保护 3.过充电保护 4.过放电保护 5.过电压保护 6.短路保护","'=DISPIMG(""ID_3715A8FA7A05443A9E599D5229C457AA"",1)","主：启动操作便捷
次：3个步骤","'=DISPIMG(""ID_A297AAEC8DB946DF903D9FEE5F0E2BF6"",1)","主：充气操作便捷
次：4个步骤","'=DISPIMG(""ID_3137575043A5479AB624D1593A6235DF"",1)","主：配件多
次：全家福","'=DISPIMG(""ID_F4695A2078A643CF95814B02DDD0457F"",1)",主：做礼物,,,,,,
13,"'=DISPIMG(""ID_3FBC45BB0C5A42C2B28DCEE79C44326D"",1)",B0CMJFZC1L,,"'=DISPIMG(""ID_3FBC45BB0C5A42C2B28DCEE79C44326D"",1)","主：外观
次：配件","'=DISPIMG(""ID_010CA233B2D443F1B198F6B33CC31157"",1)","主：启动快 电流大8000A
次：
汽车 所有；
柴油车12L；
适用启动设备多 柴油车 汽车 模特车 除草机","'=DISPIMG(""ID_6165ADBCCFDA4B1AA1C34921B982E90D"",1)","主：气压大 160PSI
次：多种充气模式设备 汽车摩托车 汽艇
多气压单位 3种气压单位 PSI BAR KPA","'=DISPIMG(""ID_BBBB772F81904109AD8317B83D6CCB1D"",1)","主：做充电宝  电容大 44.4Wh
次：快充 节省时间50%
多个充电口 USB-A Tpye-C 同时充多个设备","'=DISPIMG(""ID_EAA7C032AC3A4C7D872AFC6C5336B5C9"",1)","主：LED灯 高亮度 800流明
次：三种亮灯模式 常亮 爆闪 SOS
适用多种场景","'=DISPIMG(""ID_A8AE310128904274B55386090D4681A3"",1)","主：安全系数高 电池管理系统好
次：多种保护方案",,,,,,,"'=DISPIMG(""ID_1C11E8F0876C4785A3F26D0230C9CBC8"",1)","主：便携
次：
电压高 12V
启动快 40s
锂电池
适用启动汽车设备多
汽车 越野车 卡车 汽艇 摩托车","'=DISPIMG(""ID_347898E7B65B438EB2AC717D9D8FBE0C"",1)","主：无电源线
次：适用多种充气设备产品
球类 轮胎 游泳圈","'=DISPIMG(""ID_0A034FFED45E4ADAB16A4540DF314846"",1)","主：LED灯
次：多种照明方式
3种
常亮 闪光 SOS","'=DISPIMG(""ID_D67A24652FBD4A3BAFE7D5C65DF35202"",1)",主：便携,"'=DISPIMG(""ID_A1E25056AF12430B99B2611BF6CCBF0A"",1)","主：夹子安全性高
次：8种安全方式
1.过电流保护 2.超温保护 3.过充电保护 4.过放电保护 5.过电压保护 6.短路保护 7.反向极性保护 8.无火花保护","'=DISPIMG(""ID_865FF9CABCAB4A4297E19FEF534FA8CA"",1)","主：启动操作便捷
次：4个步骤","'=DISPIMG(""ID_B12F0704411D4FBA83E12235AEBE3089"",1)","主：夹子安全性高
次：8种安全方式
1.过电流保护 2.超温保护 3.过充电保护 4.过放电保护 5.过电压保护 6.短路保护 7.反向极性保护 8.无火花保护","'=DISPIMG(""ID_CDF59D550D264244B36275AACB5AEDAD"",1)","主：配件多
次：全家福",,,,,,,,,,,,
